fantasy_name,team,category,price,pcs_match_found,match_similarity,pcs_name,pcs_rank,pcs_points_2025,pcs_nationality,pcs_team,pcs_url,points_per_credit,value_category
T. POGAČAR,UAE Team Emirates XRG,Leaders,27,True,1.0,POGAČAR Tadej,1.0,2300.0,SI,UAE Team Emirates - XRG,https://www.procyclingstats.com/rider/tadej-pogacar,85.18518518518519,Excellent
J. VINGEGAARD HANSEN,Team Visma | Lease a Bike,Leaders,24,True,1.0,VINGEGAARD Jonas,33.0,573.0,DK,Team Visma | Lease a Bike,https://www.procyclingstats.com/rider/jonas-vingegaard,23.875,Good
J. MILAN,Lidl-Trek,Sprinters,22,True,1.0,MILAN Jonathan,19.0,694.0,IT,Lidl - Trek,https://www.procyclingstats.com/rider/jonathan-milan,31.545454545454547,Good
T. MERLIER,Soudal Quick-Step,Sprinters,22,True,1.0,MERLIER Tim,11.0,799.0,BE,Soudal Quick-Step,https://www.procyclingstats.com/rider/tim-merlier,36.31818181818182,Great
J. PHILIPSEN,Alpecin - Deceuninck,Sprinters,22,True,1.0,PHILIPSEN Jasper,30.0,606.0,BE,Alpecin - Deceuninck,https://www.procyclingstats.com/rider/jasper-philipsen,27.545454545454547,Good
M. VAN DER POEL,Alpecin - Deceuninck,All-rounders,22,True,1.0,VAN DER POEL Mathieu,4.0,1113.0,NL,Alpecin - Deceuninck,https://www.procyclingstats.com/rider/mathieu-van-der-poel,50.59090909090909,Excellent
R. EVENEPOEL,Soudal Quick-Step,Leaders,21,True,1.0,EVENEPOEL Remco,15.0,728.0,BE,Soudal Quick-Step,https://www.procyclingstats.com/rider/remco-evenepoel,34.666666666666664,Good
P. ROGLIC,Red Bull - Bora - Hansgrohe,Leaders,20,True,1.0,ROGLIČ Primož,39.0,533.0,SI,Red Bull - BORA - hansgrohe,https://www.procyclingstats.com/rider/primoz-roglic,26.65,Good
J. ALMEIDA,UAE Team Emirates XRG,Climbers,20,True,1.0,ALMEIDA João,2.0,1634.0,PT,UAE Team Emirates - XRG,https://www.procyclingstats.com/rider/joao-almeida,81.7,Excellent
A. YATES,UAE Team Emirates XRG,Leaders,19,True,1.0,YATES Adam,63.0,419.0,GB,UAE Team Emirates - XRG,https://www.procyclingstats.com/rider/adam-yates,22.05263157894737,Good
W. VAN AERT,Team Visma | Lease a Bike,All-rounders,19,True,1.0,VAN AERT Wout,10.0,859.0,BE,Team Visma | Lease a Bike,https://www.procyclingstats.com/rider/wout-van-aert,45.21052631578947,Great
B. GIRMAY,Intermarché - Wanty,Sprinters,19,True,1.0,GIRMAY Biniam,49.0,468.0,ER,Intermarché - Wanty,https://www.procyclingstats.com/rider/biniam-girmay,24.63157894736842,Good
R. CARAPAZ,EF Education - Easypost,Leaders,19,True,1.0,CARAPAZ Richard,28.0,612.0,EC,EF Education - EasyPost,https://www.procyclingstats.com/rider/richard-carapaz,32.21052631578947,Good
F. GANNA,Ineos Grenadiers,All-rounders,18,True,1.0,GANNA Filippo,12.0,788.0,IT,INEOS Grenadiers,https://www.procyclingstats.com/rider/filippo-ganna,43.77777777777778,Great
F. LIPOWITZ,Red Bull - Bora - Hansgrohe,Leaders,18,True,1.0,LIPOWITZ Florian,26.0,616.0,DE,Red Bull - BORA - hansgrohe,https://www.procyclingstats.com/rider/florian-lipowitz,34.22222222222222,Good
E. MAS NICOLAU,Movistar Team,Leaders,18,True,1.0,MAS Enric,27.0,613.0,ES,Movistar Team,https://www.procyclingstats.com/rider/enric-mas,34.05555555555556,Good
M. JORGENSON,Team Visma | Lease a Bike,Climbers,18,True,1.0,JORGENSON Matteo,24.0,633.0,US,Team Visma | Lease a Bike,https://www.procyclingstats.com/rider/matteo-jorgenson,35.166666666666664,Great
C. RODRIGUEZ,Ineos Grenadiers,Leaders,18,True,1.0,RODRÍGUEZ Carlos,129.0,273.0,ES,INEOS Grenadiers,https://www.procyclingstats.com/rider/carlos-rodriguez-cano,15.166666666666666,Average
K. GROVES,Alpecin - Deceuninck,Sprinters,17,True,1.0,GROVES Kaden,71.0,389.0,AU,Alpecin - Deceuninck,https://www.procyclingstats.com/rider/kaden-groves,22.88235294117647,Good
A. VLASOV,Red Bull - Bora - Hansgrohe,Climbers,17,True,1.0,VLASOV Aleksandr,349.0,102.0,RU,Red Bull - BORA - hansgrohe,https://www.procyclingstats.com/rider/aleksandr-vlasov,6.0,Poor
S. BUITRAGO SANCHEZ,Bahrain Victorious,Leaders,17,True,1.0,BUITRAGO Santiago,43.0,501.0,CO,Bahrain - Victorious,https://www.procyclingstats.com/rider/santiago-buitrago-sanchez,29.470588235294116,Good
S. YATES,Team Visma | Lease a Bike,Climbers,17,True,1.0,YATES Simon,23.0,636.0,GB,Team Visma | Lease a Bike,https://www.procyclingstats.com/rider/simon-yates,37.411764705882355,Great
M. JENSEN,Lidl-Trek,Leaders,17,True,1.0,SKJELMOSE Mattias,32.0,590.0,DK,Lidl - Trek,https://www.procyclingstats.com/rider/mattias-skjelmose-jensen,34.705882352941174,Good
D. GROENEWEGEN,Team Jayco AlUla,Sprinters,17,True,1.0,GROENEWEGEN Dylan,99.0,326.0,NL,Team Jayco AlUla,https://www.procyclingstats.com/rider/dylan-groenewegen,19.176470588235293,Average
B. O'CONNOR,Team Jayco AlUla,Leaders,17,True,1.0,O'CONNOR Ben,108.0,310.0,AU,Team Jayco AlUla,https://www.procyclingstats.com/rider/ben-o-connor,18.235294117647058,Average
E. ONLEY,Team Picnic PostNL,Leaders,16,True,1.0,ONLEY Oscar,9.0,880.0,GB,Team Picnic PostNL,https://www.procyclingstats.com/rider/oscar-onley,55.0,Excellent
F. GAVIRIA RENDON,Movistar Team,Sprinters,16,True,1.0,GAVIRIA Fernando,567.0,51.0,CO,Movistar Team,https://www.procyclingstats.com/rider/fernando-gaviria,3.1875,Poor
A. DE LIE,Lotto,Sprinters,16,True,1.0,DE LIE Arnaud,194.0,200.0,BE,Lotto,https://www.procyclingstats.com/rider/arnaud-de-lie,12.5,Average
J. MEEUS,Red Bull - Bora - Hansgrohe,Sprinters,16,True,1.0,MEEUS Jordi,60.0,432.0,BE,Red Bull - BORA - hansgrohe,https://www.procyclingstats.com/rider/jordi-meeus,27.0,Good
J. ALAPHILIPPE,Tudor Pro Cycling Team,All-rounders,16,True,1.1,ALAPHILIPPE Julian,157.0,235.0,FR,Tudor Pro Cycling Team,https://www.procyclingstats.com/rider/julian-alaphilippe,14.6875,Average
S. KUSS,Team Visma | Lease a Bike,Climbers,16,True,1.1,KUSS Sepp,480.0,65.0,US,Team Visma | Lease a Bike,https://www.procyclingstats.com/rider/sepp-kuss,4.0625,Poor
J. HINDLEY,Red Bull - Bora - Hansgrohe,Climbers,16,True,1.0,HINDLEY Jai,133.0,264.0,AU,Red Bull - BORA - hansgrohe,https://www.procyclingstats.com/rider/jai-hindley,16.5,Average
M. MOHORIC,Bahrain Victorious,All-rounders,16,True,1.0,MOHORIČ Matej,297.0,126.0,SI,Bahrain - Victorious,https://www.procyclingstats.com/rider/matej-mohoric,7.875,Poor
F. GALL,Decathlon AG2R La Mondiale Team,Leaders,16,True,1.0,GALL Felix,64.0,413.0,AT,Decathlon AG2R La Mondiale Team,https://www.procyclingstats.com/rider/felix-gall,25.8125,Good
A. DAINESE,Tudor Pro Cycling Team,Sprinters,15,True,1.0,DAINESE Alberto,175.0,223.0,IT,Tudor Pro Cycling Team,https://www.procyclingstats.com/rider/alberto-dainese,14.866666666666667,Average
K. VAUQUELIN,Arkea-B&B Hotels,Leaders,15,True,1.0875,VAUQUELIN Kévin,8.0,939.0,FR,Arkéa - B&B Hotels,https://www.procyclingstats.com/rider/kevin-vauquelin,62.6,Excellent
T. STEWART,Israël - Premier Tech,Sprinters,15,True,1.0,STEWART Jake,195.0,200.0,GB,Israel - Premier Tech,https://www.procyclingstats.com/rider/jake-stewart,13.333333333333334,Average
P. ACKERMANN,Israël - Premier Tech,Sprinters,15,True,1.0,ACKERMANN Pascal,283.0,132.0,DE,Israel - Premier Tech,https://www.procyclingstats.com/rider/pascal-ackermann,8.8,Poor
B. HEALY,EF Education - Easypost,All-rounders,15,True,1.0,HEALY Ben,54.0,457.0,IE,EF Education - EasyPost,https://www.procyclingstats.com/rider/ben-healy,30.466666666666665,Good
L. MARTINEZ,Bahrain Victorious,Climbers,15,True,1.0,MARTINEZ Lenny,13.0,753.0,FR,Bahrain - Victorious,https://www.procyclingstats.com/rider/lenny-martinez,50.2,Excellent
T. ARENSMAN,Ineos Grenadiers,Climbers,15,True,1.0,ARENSMAN Thymen,58.0,454.0,NL,INEOS Grenadiers,https://www.procyclingstats.com/rider/thymen-arensman,30.266666666666666,Good
T. JOHANNESSEN,Uno-X Mobility,Leaders,15,True,1.0,JOHANNESSEN Tobias Halland,101.0,323.0,NO,Uno-X Mobility,https://www.procyclingstats.com/rider/tobias-halland-johannessen,21.533333333333335,Good
A. KRISTOFF,Uno-X Mobility,Sprinters,15,True,1.0,KRISTOFF Alexander,104.0,318.0,NO,Uno-X Mobility,https://www.procyclingstats.com/rider/alexander-kristoff,21.2,Good
N. POWLESS,EF Education - Easypost,All-rounders,15,True,1.0,POWLESS Neilson,22.0,650.0,US,EF Education - EasyPost,https://www.procyclingstats.com/rider/neilson-powless,43.333333333333336,Great
P. BAUHAUS,Bahrain Victorious,Sprinters,15,True,1.0,BAUHAUS Phil,135.0,261.0,DE,Bahrain - Victorious,https://www.procyclingstats.com/rider/phil-bauhaus,17.4,Average
E. AFFINI,Team Visma | Lease a Bike,All-rounders,14,True,1.0,AFFINI Edoardo,360.0,98.0,IT,Team Visma | Lease a Bike,https://www.procyclingstats.com/rider/edoardo-affini,7.0,Poor
E. DUNBAR,Team Jayco AlUla,Leaders,14,True,1.1,DUNBAR Eddie,492.0,62.0,IE,Team Jayco AlUla,https://www.procyclingstats.com/rider/edward-irl-dunbar,4.428571428571429,Poor
F. FISHER - BLACK,Red Bull - Bora - Hansgrohe,All-rounders,14,True,1.0,FISHER-BLACK Finn,61.0,424.0,NZ,Red Bull - BORA - hansgrohe,https://www.procyclingstats.com/rider/finn-fisher-black,30.285714285714285,Good
E. RUBIO REYES,Movistar Team,Climbers,14,True,1.0,RUBIO Einer,107.0,311.0,CO,Movistar Team,https://www.procyclingstats.com/rider/einer-rubio,22.214285714285715,Good
T. NYS,Lidl-Trek,All-rounders,14,True,1.0,NYS Thibau,77.0,374.0,BE,Lidl - Trek,https://www.procyclingstats.com/rider/thibau-nys,26.714285714285715,Good
M. FRETIN,Cofidis,Sprinters,14,True,1.0,FRETIN Milan,41.0,522.0,BE,Cofidis,https://www.procyclingstats.com/rider/milan-fretin,37.285714285714285,Great
R. GREGOIRE,Groupama - FDJ,All-rounders,14,True,1.0,GRÉGOIRE Romain,31.0,598.0,FR,Groupama - FDJ,https://www.procyclingstats.com/rider/romain-gregoire1,42.714285714285715,Great
P. SIVAKOV,UAE Team Emirates XRG,Climbers,14,True,1.0,SIVAKOV Pavel,161.0,231.0,FR,UAE Team Emirates - XRG,https://www.procyclingstats.com/rider/pavel-sivakov,16.5,Average
M. STORER,Tudor Pro Cycling Team,Climbers,14,True,1.0,STORER Michael,21.0,687.0,AU,Tudor Pro Cycling Team,https://www.procyclingstats.com/rider/michael-storer,49.07142857142857,Great
M. CORT NIELSEN,Uno-X Mobility,All-rounders,14,True,1.0,CORT Magnus,53.0,457.0,DK,Uno-X Mobility,https://www.procyclingstats.com/rider/magnus-cort-nielsen,32.642857142857146,Good
A. LUTSENKO,Israël - Premier Tech,Leaders,14,True,1.0,LUTSENKO Alexey,305.0,120.0,KZ,Israel - Premier Tech,https://www.procyclingstats.com/rider/aleksey-lutsenko,8.571428571428571,Poor
S. HIGUITA GARCIA,XDS Astana Team,Climbers,13,True,1.0,HIGUITA Sergio,483.0,64.0,CO,XDS Astana Team,https://www.procyclingstats.com/rider/sergio-higuita,4.923076923076923,Poor
J. NARVAEZ PRADO,UAE Team Emirates XRG,All-rounders,13,True,1.0,NARVÁEZ Jhonatan,70.0,389.0,EC,UAE Team Emirates - XRG,https://www.procyclingstats.com/rider/jhonatan-narvaez,29.923076923076923,Good
M. HIRSCHI,Tudor Pro Cycling Team,All-rounders,13,True,1.0,HIRSCHI Marc,98.0,332.0,CH,Tudor Pro Cycling Team,https://www.procyclingstats.com/rider/marc-hirschi,25.53846153846154,Good
P. BITTNER,Team Picnic PostNL,Sprinters,13,True,1.0,BITTNER Pavel,167.0,228.0,CZ,Team Picnic PostNL,https://www.procyclingstats.com/rider/pavel-bittner,17.53846153846154,Average
L. PLAPP,Team Jayco AlUla,All-rounders,13,True,1.0,PLAPP Luke,131.0,265.0,AU,Team Jayco AlUla,https://www.procyclingstats.com/rider/luke-plapp,20.384615384615383,Good
J. BERCKMOES,Lotto,Sprinters,13,True,1.0,BERCKMOES Jenno,187.0,207.0,BE,Lotto,https://www.procyclingstats.com/rider/jenno-berckmoes,15.923076923076923,Average
L. KÄMNA,Lidl-Trek,Climbers,13,True,1.0,KÄMNA Lennard,280.0,134.0,DE,Lidl - Trek,https://www.procyclingstats.com/rider/lennard-kamna,10.307692307692308,Average
S. WATSON,Ineos Grenadiers,All-rounders,13,True,1.0,WATSON Samuel,45.0,470.0,GB,INEOS Grenadiers,https://www.procyclingstats.com/rider/samuel-watson,36.15384615384615,Great
M. SHEFFIELD,Ineos Grenadiers,All-rounders,13,True,1.0,SHEFFIELD Magnus,42.0,505.0,US,INEOS Grenadiers,https://www.procyclingstats.com/rider/magnus-sheffield,38.84615384615385,Great
T. FOSS,Ineos Grenadiers,All-rounders,13,True,1.0,FOSS Tobias,250.0,157.0,NO,INEOS Grenadiers,https://www.procyclingstats.com/rider/tobias-foss,12.076923076923077,Average
C. RODRIGUEZ MARTIN,Arkea-B&B Hotels,Climbers,13,True,1.0,RODRÍGUEZ Cristián,121.0,282.0,ES,Arkéa - B&B Hotels,https://www.procyclingstats.com/rider/cristian-rodriguez,21.692307692307693,Good
S. BISSEGGER,Decathlon AG2R La Mondiale Team,All-rounders,13,True,1.0,BISSEGGER Stefan,185.0,209.0,CH,Decathlon AG2R La Mondiale Team,https://www.procyclingstats.com/rider/stefan-bissegger,16.076923076923077,Average
I. VAN WILDER,Soudal Quick-Step,Climbers,13,True,1.0,VAN WILDER Ilan,80.0,369.0,BE,Soudal Quick-Step,https://www.procyclingstats.com/rider/ilan-van-wilder,28.384615384615383,Good
G. THOMAS,Ineos Grenadiers,Leaders,13,True,1.0,THOMAS Geraint,841.0,27.0,GB,INEOS Grenadiers,https://www.procyclingstats.com/rider/geraint-thomas,2.076923076923077,Poor
F. GROSSSCHARTNER,UAE Team Emirates XRG,Climbers,13,True,1.0,GROßSCHARTNER Felix,106.0,313.0,AT,UAE Team Emirates - XRG,https://www.procyclingstats.com/rider/felix-grossschartner,24.076923076923077,Good
Q. SIMMONS,Lidl-Trek,All-rounders,13,True,1.0,SIMMONS Quinn,234.0,168.0,US,Lidl - Trek,https://www.procyclingstats.com/rider/quinn-simmons,12.923076923076923,Average
A. ARANBURU DEVA,Cofidis,Sprinters,13,True,1.0,ARANBURU Alex,47.0,469.0,ES,Cofidis,https://www.procyclingstats.com/rider/alex-aranburu,36.07692307692308,Great
T. BENOOT,Team Visma | Lease a Bike,All-rounders,13,True,1.0,BENOOT Tiesj,79.0,370.0,BE,Team Visma | Lease a Bike,https://www.procyclingstats.com/rider/tiesj-benoot,28.46153846153846,Good
M. WOODS,Israël - Premier Tech,Leaders,13,True,1.0,WOODS Michael,284.0,131.0,CA,Israel - Premier Tech,https://www.procyclingstats.com/rider/michael-woods,10.076923076923077,Average
L. MEINTJES,Intermarché - Wanty,Leaders,13,True,1.0,MEINTJES Louis,321.0,115.0,ZA,Intermarché - Wanty,https://www.procyclingstats.com/rider/louis-meintjes,8.846153846153847,Poor
I. IZAGIRRE INSAUSTI,Cofidis,Climbers,13,True,1.0,IZAGIRRE Ion,503.0,59.0,ES,Cofidis,https://www.procyclingstats.com/rider/ion-izagirre,4.538461538461538,Poor
G. MARTIN GUYONNET,Groupama - FDJ,Leaders,13,True,1.0,MARTIN Guillaume,48.0,469.0,FR,Groupama - FDJ,https://www.procyclingstats.com/rider/guillaume-martin,36.07692307692308,Great
L. PITHIE,Red Bull - Bora - Hansgrohe,All-rounders,12,True,1.0,PITHIE Laurence,197.0,197.0,NZ,Red Bull - BORA - hansgrohe,https://www.procyclingstats.com/rider/laurence-pithie,16.416666666666668,Average
L. BARRE,Intermarché - Wanty,All-rounders,12,True,1.0,BARRÉ Louis,100.0,326.0,FR,Intermarché - Wanty,https://www.procyclingstats.com/rider/louis-barre,27.166666666666668,Good
L. ASKEY,Groupama - FDJ,All-rounders,12,True,1.0,ASKEY Lewis,44.0,496.0,GB,Groupama - FDJ,https://www.procyclingstats.com/rider/lewis-askey,41.333333333333336,Great
V. ALBANESE,EF Education - Easypost,Sprinters,12,True,1.0,ALBANESE Vincenzo,208.0,188.0,IT,EF Education - EasyPost,https://www.procyclingstats.com/rider/vincenzo-albanese,15.666666666666666,Average
A. DEMARE,Arkea-B&B Hotels,Sprinters,12,True,1.0,DÉMARE Arnaud,120.0,286.0,FR,Arkéa - B&B Hotels,https://www.procyclingstats.com/rider/arnaud-demare,23.833333333333332,Good
A. CAPIOT,Arkea-B&B Hotels,Sprinters,12,True,1.0,CAPIOT Amaury,273.0,137.0,BE,Arkéa - B&B Hotels,https://www.procyclingstats.com/rider/amaury-capiot,11.416666666666666,Average
S. ANIOLKOWSKI,Cofidis,Sprinters,12,True,1.0,ANIOŁKOWSKI Stanisław,203.0,192.0,PL,Cofidis,https://www.procyclingstats.com/rider/stanislaw-aniolkowski,16.0,Average
M. VAN DEN BERG,EF Education - Easypost,Sprinters,12,True,1.0,VAN DEN BERG Marijn,89.0,352.0,NL,EF Education - EasyPost,https://www.procyclingstats.com/rider/marijn-van-den-berg,29.333333333333332,Good
N. PRODHOMME,Decathlon AG2R La Mondiale Team,Climbers,12,True,1.0,PRODHOMME Nicolas,50.0,464.0,FR,Decathlon AG2R La Mondiale Team,https://www.procyclingstats.com/rider/nicolas-prodhomme,38.666666666666664,Great
L. DE PLUS,Ineos Grenadiers,Climbers,12,True,1.0,DE PLUS Laurens,141.0,254.0,BE,INEOS Grenadiers,https://www.procyclingstats.com/rider/laurens-de-plus,21.166666666666668,Good
T. WELLENS,UAE Team Emirates XRG,All-rounders,12,True,1.0,WELLENS Tim,105.0,316.0,BE,UAE Team Emirates - XRG,https://www.procyclingstats.com/rider/tim-wellens,26.333333333333332,Good
M. TRENTIN,Tudor Pro Cycling Team,Sprinters,12,True,1.0,TRENTIN Matteo,235.0,166.0,IT,Tudor Pro Cycling Team,https://www.procyclingstats.com/rider/matteo-trentin,13.833333333333334,Average
J. STUYVEN,Lidl-Trek,All-rounders,12,True,1.0,STUYVEN Jasper,152.0,239.0,BE,Lidl - Trek,https://www.procyclingstats.com/rider/jasper-stuyven,19.916666666666668,Average
M. SCHMID,Team Jayco AlUla,Climbers,12,True,1.0,SCHMID Mauro,56.0,454.0,CH,Team Jayco AlUla,https://www.procyclingstats.com/rider/mauro-schmid,37.833333333333336,Great
I. GARCIA CORTINA,Movistar Team,Sprinters,12,True,1.0,GARCÍA CORTINA Iván,200.0,194.0,ES,Movistar Team,https://www.procyclingstats.com/rider/ivan-garcia-cortina,16.166666666666668,Average
W. KELDERMAN,Team Visma | Lease a Bike,Climbers,12,True,1.0,KELDERMAN Wilco,300.0,125.0,NL,Team Visma | Lease a Bike,https://www.procyclingstats.com/rider/wilco-kelderman,10.416666666666666,Average
D. TEUNS,Cofidis,All-rounders,12,True,1.0,TEUNS Dylan,252.0,156.0,BE,Cofidis,https://www.procyclingstats.com/rider/dylan-teuns,13.0,Average
B. COQUARD,Cofidis,Sprinters,12,True,1.0,COQUARD Bryan,92.0,346.0,FR,Cofidis,https://www.procyclingstats.com/rider/bryan-coquard,28.833333333333332,Good
A. WRIGHT,Bahrain Victorious,All-rounders,12,True,1.0,WRIGHT Fred,110.0,306.0,GB,Bahrain - Victorious,https://www.procyclingstats.com/rider/alfred-wright,25.5,Good
C. BOL,XDS Astana Team,Sprinters,12,True,1.0,BOL Cees,181.0,214.0,NL,XDS Astana Team,https://www.procyclingstats.com/rider/cees-bol,17.833333333333332,Average
S. VELASCO,XDS Astana Team,All-rounders,11,True,1.0,VELASCO Simone,57.0,454.0,IT,XDS Astana Team,https://www.procyclingstats.com/rider/simone-velasco,41.27272727272727,Great
T. LUND ANDRESEN,Team Picnic PostNL,Sprinters,11,True,1.0,ANDRESEN Tobias Lund,34.0,567.0,DK,Team Picnic PostNL,https://www.procyclingstats.com/rider/tobias-lund-andresen,51.54545454545455,Excellent
M. VANSEVENANT,Soudal Quick-Step,Climbers,11,True,1.0,VANSEVENANT Mauri,485.0,64.0,BE,Soudal Quick-Step,https://www.procyclingstats.com/rider/mauri-vansevenant,5.818181818181818,Poor
M. SCHACHMANN,Soudal Quick-Step,All-rounders,11,True,1.0,SCHACHMANN Maximilian,69.0,397.0,DE,Soudal Quick-Step,https://www.procyclingstats.com/rider/maximilian-schachmann,36.09090909090909,Great
P. CASTRILLO ZAPATER,Movistar Team,Climbers,11,True,1.0,CASTRILLO Pablo,113.0,301.0,ES,Movistar Team,https://www.procyclingstats.com/rider/pablo-castrillo-zapater,27.363636363636363,Good
L. VAN EETVELT,Lotto,Climbers,11,True,1.0,VAN EETVELT Lennert,88.0,355.0,BE,Lotto,https://www.procyclingstats.com/rider/lennert-van-eetvelt,32.27272727272727,Good
J. STAUNE-MITTET,Decathlon AG2R La Mondiale Team,Climbers,11,True,1.0,STAUNE-MITTET Johannes,295.0,127.0,NO,Decathlon AG2R La Mondiale Team,https://www.procyclingstats.com/rider/johannes-staune-mittet,11.545454545454545,Average
B. THOMAS,Cofidis,All-rounders,11,True,1.0,THOMAS Benjamin,202.0,193.0,FR,Cofidis,https://www.procyclingstats.com/rider/benjamin-thomas-2,17.545454545454547,Average
J. JEGAT,TotalEnergies,Leaders,11,True,1.0,JEGAT Jordan,146.0,248.0,FR,Team TotalEnergies,https://www.procyclingstats.com/rider/jordan-jegat,22.545454545454547,Good
A. LEKNESSUND,Uno-X Mobility,Climbers,11,True,1.0,LEKNESSUND Andreas,239.0,162.0,NO,Uno-X Mobility,https://www.procyclingstats.com/rider/andreas-leknessund,14.727272727272727,Average
S. BATTISTELLA,EF Education - Easypost,Sprinters,11,True,1.0,BATTISTELLA Samuele,933.0,22.0,IT,EF Education - EasyPost,https://www.procyclingstats.com/rider/samuele-battistella,2.0,Poor
D. BALLERINI,XDS Astana Team,All-rounders,11,True,1.0,BALLERINI Davide,216.0,180.0,IT,XDS Astana Team,https://www.procyclingstats.com/rider/davide-ballerini,16.363636363636363,Average
F. VAN DEN BROEK,Team Picnic PostNL,All-rounders,11,True,1.0,VAN DEN BROEK Frank,243.0,161.0,NL,Team Picnic PostNL,https://www.procyclingstats.com/rider/frank-van-den-broek,14.636363636363637,Average
H. PAGE,Intermarché - Wanty,Sprinters,11,True,1.0,PAGE Hugo,328.0,110.0,FR,Intermarché - Wanty,https://www.procyclingstats.com/rider/hugo-page,10.0,Poor
G. BENNETT,Israël - Premier Tech,Climbers,11,True,1.0,BENNETT George,372.0,93.0,NZ,Israel - Premier Tech,https://www.procyclingstats.com/rider/george-bennett,8.454545454545455,Poor
A. LAURANCE,Ineos Grenadiers,All-rounders,11,True,1.0,LAURANCE Axel,126.0,275.0,FR,INEOS Grenadiers,https://www.procyclingstats.com/rider/axel-laurance,25.0,Good
M. SOBRERO,Red Bull - Bora - Hansgrohe,All-rounders,11,True,1.0,SOBRERO Matteo,637.0,42.0,IT,Red Bull - BORA - hansgrohe,https://www.procyclingstats.com/rider/matteo-sobrero,3.8181818181818183,Poor
B. ARMIRAIL,Decathlon AG2R La Mondiale Team,All-rounders,11,True,1.0,ARMIRAIL Bruno,454.0,70.0,FR,Decathlon AG2R La Mondiale Team,https://www.procyclingstats.com/rider/bruno-armirail,6.363636363636363,Poor
V. CAMPENAERTS,Team Visma | Lease a Bike,All-rounders,11,True,1.0,CAMPENAERTS Victor,580.0,50.0,BE,Team Visma | Lease a Bike,https://www.procyclingstats.com/rider/victor-campenaerts,4.545454545454546,Poor
C. BERTHET,Decathlon AG2R La Mondiale Team,Climbers,11,True,1.0,BERTHET Clément,94.0,339.0,FR,Decathlon AG2R La Mondiale Team,https://www.procyclingstats.com/rider/clement-berthet,30.818181818181817,Good
J. HAIG,Bahrain Victorious,Climbers,11,True,1.0,HAIG Jack,385.0,90.0,AU,Bahrain - Victorious,https://www.procyclingstats.com/rider/jack-haig,8.181818181818182,Poor
S. WÆRENSKJOLD,Uno-X Mobility,All-rounders,11,True,1.0,WÆRENSKJOLD Søren,86.0,358.0,NO,Uno-X Mobility,https://www.procyclingstats.com/rider/soren-waerenskjold,32.54545454545455,Good
T. TRÆEN,Bahrain Victorious,Climbers,11,True,1.0,TRÆEN Torstein,746.0,35.0,NO,Bahrain - Victorious,https://www.procyclingstats.com/rider/torstein-traeen,3.1818181818181817,Poor
M. SOLER,UAE Team Emirates XRG,Climbers,11,True,1.0,SOLER Marc,166.0,228.0,ES,UAE Team Emirates - XRG,https://www.procyclingstats.com/rider/marc-soler,20.727272727272727,Good
S. CRAS,TotalEnergies,Leaders,11,True,1.0,CRAS Steff,201.0,194.0,BE,Team TotalEnergies,https://www.procyclingstats.com/rider/steff-cras,17.636363636363637,Average
C. HARPER,Team Jayco AlUla,Climbers,11,True,1.0,HARPER Chris,138.0,259.0,AU,Team Jayco AlUla,https://www.procyclingstats.com/rider/chris-harper,23.545454545454547,Good
C. CHAMPOUSSIN,XDS Astana Team,Climbers,11,True,1.0,CHAMPOUSSIN Clément,35.0,564.0,FR,XDS Astana Team,https://www.procyclingstats.com/rider/clement-champoussin,51.27272727272727,Excellent
R. CAVAGNA,Groupama - FDJ,All-rounders,11,True,1.0,CAVAGNA Rémi,510.0,58.0,FR,Groupama - FDJ,https://www.procyclingstats.com/rider/remi-cavagna,5.2727272727272725,Poor
K. ASGREEN,EF Education - Easypost,All-rounders,11,True,1.0,ASGREEN Kasper,272.0,138.0,DK,EF Education - EasyPost,https://www.procyclingstats.com/rider/kasper-asgreen,12.545454545454545,Average
K. NEILANDS,Israël - Premier Tech,All-rounders,11,True,1.0,NEILANDS Krists,856.0,27.0,LV,Israel - Premier Tech,https://www.procyclingstats.com/rider/krists-neilands,2.4545454545454546,Poor
G. ZIMMERMANN,Intermarché - Wanty,Climbers,11,True,1.0,ZIMMERMANN Georg,143.0,249.0,DE,Intermarché - Wanty,https://www.procyclingstats.com/rider/georg-zimmermann,22.636363636363637,Good
V. MADOUAS,Groupama - FDJ,All-rounders,11,True,1.0,MADOUAS Valentin,222.0,177.0,FR,Groupama - FDJ,https://www.procyclingstats.com/rider/valentin-madouas,16.09090909090909,Average
A. BETTIOL,XDS Astana Team,All-rounders,11,True,1.0,BETTIOL Alberto,394.0,88.0,IT,XDS Astana Team,https://www.procyclingstats.com/rider/alberto-bettiol,8.0,Poor
D. VAN POPPEL,Red Bull - Bora - Hansgrohe,Sprinters,11,True,1.0,VAN POPPEL Danny,134.0,262.0,NL,Red Bull - BORA - hansgrohe,https://www.procyclingstats.com/rider/danny-van-poppel,23.818181818181817,Good
E. BUCHMANN,Cofidis,Leaders,11,True,1.0,BUCHMANN Emanuel,278.0,136.0,DE,Cofidis,https://www.procyclingstats.com/rider/emanuel-buchmann,12.363636363636363,Average
H. TEJADA CANACUE,XDS Astana Team,Climbers,11,True,1.0,TEJADA Harold,119.0,287.0,CO,XDS Astana Team,https://www.procyclingstats.com/rider/harold-tejada,26.09090909090909,Good
A. PARET PEINTRE,Decathlon AG2R La Mondiale Team,All-rounders,11,True,1.0,PARET-PEINTRE Aurélien,140.0,254.0,FR,Decathlon AG2R La Mondiale Team,https://www.procyclingstats.com/rider/aurelien-paret-peintre,23.09090909090909,Good
F. DVERSNES,Uno-X Mobility,All-rounders,10,True,1.0,DVERSNES Fredrik,116.0,294.0,NO,Uno-X Mobility,https://www.procyclingstats.com/rider/fredrik-dversnes,29.4,Good
S. EDVARDSEN-FREDHEIM,Uno-X Mobility,Sprinters,10,True,1.0,FREDHEIM Stian,127.0,274.0,NO,Uno-X Mobility,https://www.procyclingstats.com/rider/stian-fredheim,27.4,Good
A. BRUNEL,TotalEnergies,All-rounders,10,True,1.0,BRUNEL Alexys,368.0,95.0,FR,Team TotalEnergies,https://www.procyclingstats.com/rider/alexys-brunel,9.5,Poor
M. CATTANEO,Soudal Quick-Step,All-rounders,10,True,1.0,CATTANEO Mattia,270.0,139.0,IT,Soudal Quick-Step,https://www.procyclingstats.com/rider/mattia-cattaneo,13.9,Average
P. SANCHEZ MAYO,Movistar Team,All-rounders,10,True,1.0,SÁNCHEZ Pelayo,1224.0,0.0,ES,Movistar Team,https://www.procyclingstats.com/rider/pelayo-sanchez-mayo,0.0,Poor
I. ROMEO ABAD,Movistar Team,All-rounders,10,True,1.0,ROMEO Iván,83.0,365.0,ES,Movistar Team,https://www.procyclingstats.com/rider/ivan-romeo,36.5,Great
D. HOOLE,Lidl-Trek,All-rounders,10,True,1.0,HOOLE Daan,179.0,216.0,NL,Lidl - Trek,https://www.procyclingstats.com/rider/daan-hoole,21.6,Good
S. CONSONNI,Lidl-Trek,Sprinters,10,True,1.0,CONSONNI Simone,559.0,52.0,IT,Lidl - Trek,https://www.procyclingstats.com/rider/simone-consonni,5.2,Poor
P. BLACKMORE,Israël - Premier Tech,Climbers,10,True,1.0,BLACKMORE Joseph,220.0,178.0,GB,Israel - Premier Tech,https://www.procyclingstats.com/rider/joseph-blackmore,17.8,Average
A. MARIT,Intermarché - Wanty,All-rounders,10,True,1.0,MARIT Arne,196.0,198.0,BE,Intermarché - Wanty,https://www.procyclingstats.com/rider/arne-marit,19.8,Average
J. RUTSCH,Intermarché - Wanty,All-rounders,10,True,1.0,RUTSCH Jonas,279.0,134.0,DE,Intermarché - Wanty,https://www.procyclingstats.com/rider/jonas-rutsch,13.4,Average
P. PENHOET,Groupama - FDJ,Sprinters,10,True,1.0,PENHOËT Paul,246.0,158.0,FR,Groupama - FDJ,https://www.procyclingstats.com/rider/paul-penhoet,15.8,Average
A. BAUDIN,EF Education - Easypost,Climbers,10,True,1.0,BAUDIN Alex,375.0,93.0,FR,EF Education - EasyPost,https://www.procyclingstats.com/rider/alex-baudin,9.3,Poor
E. COSTIOU,Arkea-B&B Hotels,Climbers,10,True,1.0,COSTIOU Ewen,320.0,115.0,FR,Arkéa - B&B Hotels,https://www.procyclingstats.com/rider/ewen-costiou,11.5,Average
C. VENTURINI,Arkea-B&B Hotels,Sprinters,10,True,1.0,VENTURINI Clément,142.0,253.0,FR,Arkéa - B&B Hotels,https://www.procyclingstats.com/rider/clement-venturini,25.3,Good
T. GUERNALEC,Arkea-B&B Hotels,All-rounders,10,True,1.0,GUERNALEC Thibault,498.0,61.0,FR,Arkéa - B&B Hotels,https://www.procyclingstats.com/rider/thibault-guernalec,6.1,Poor
E. JEANNIERE,TotalEnergies,Sprinters,10,True,1.0,JEANNIÈRE Emilien,51.0,463.0,FR,Team TotalEnergies,https://www.procyclingstats.com/rider/emilien-jeanniere,46.3,Great
D. VAN GESTEL,Soudal Quick-Step,All-rounders,10,True,1.0,VAN GESTEL Dries,1262.0,10.0,BE,Soudal Quick-Step,https://www.procyclingstats.com/rider/dries-van-gestel,1.0,Poor
J. KULSET,Uno-X Mobility,Climbers,10,True,1.0,KULSET Johannes,124.0,280.0,NO,Uno-X Mobility,https://www.procyclingstats.com/rider/johannes-kulset,28.0,Good
I. SCHELLING,XDS Astana Team,All-rounders,10,True,1.0,SCHELLING Ide,961.0,20.0,NL,XDS Astana Team,https://www.procyclingstats.com/rider/ide-schelling,2.0,Poor
R. GARCIA PIERNA,Arkea-B&B Hotels,All-rounders,10,True,1.0,GARCÍA PIERNA Raúl,275.0,137.0,ES,Arkéa - B&B Hotels,https://www.procyclingstats.com/rider/raul-garcia-pierna,13.7,Average
G. VERMEERSCH,Alpecin - Deceuninck,All-rounders,10,True,1.0,VERMEERSCH Gianni,180.0,215.0,BE,Alpecin - Deceuninck,https://www.procyclingstats.com/rider/gianni-vermeersch,21.5,Good
R. ADRIA OLIVERAS,Red Bull - Bora - Hansgrohe,All-rounders,10,True,1.0,OLIVEIRA Rui,747.0,34.0,PT,UAE Team Emirates - XRG,https://www.procyclingstats.com/rider/rui-oliveira,3.4,Poor
C. SWIFT,Ineos Grenadiers,Sprinters,10,True,1.0,SWIFT Ben,380.0,91.0,GB,INEOS Grenadiers,https://www.procyclingstats.com/rider/ben-swift,9.1,Poor
A. TURGIS,TotalEnergies,All-rounders,10,True,1.0,TURGIS Anthony,206.0,189.0,FR,Team TotalEnergies,https://www.procyclingstats.com/rider/anthony-turgis,18.9,Average
J. ABRAHAMSEN,Uno-X Mobility,All-rounders,10,True,1.0,ABRAHAMSEN Jonas,468.0,67.0,NO,Uno-X Mobility,https://www.procyclingstats.com/rider/jonas-abrahamsen,6.7,Poor
W. BARGUIL,Team Picnic PostNL,Climbers,10,True,1.0,BARGUIL Warren,268.0,140.0,FR,Team Picnic PostNL,https://www.procyclingstats.com/rider/warren-barguil,14.0,Average
D. VAN BAARLE,Team Visma | Lease a Bike,All-rounders,10,True,1.0,VAN BAARLE Dylan,460.0,69.0,NL,Team Visma | Lease a Bike,https://www.procyclingstats.com/rider/dylan-van-baarle,6.9,Poor
Q. PACHER,Groupama - FDJ,All-rounders,10,True,1.0,PACHER Quentin,333.0,107.0,FR,Groupama - FDJ,https://www.procyclingstats.com/rider/quentin-pacher,10.7,Average
N. POLITT,UAE Team Emirates XRG,All-rounders,10,True,1.0,POLITT Nils,561.0,52.0,DE,UAE Team Emirates - XRG,https://www.procyclingstats.com/rider/nils-politt,5.2,Poor
B. COSNEFROY,Decathlon AG2R La Mondiale Team,All-rounders,10,True,1.0,COSNEFROY Benoît,130.0,273.0,FR,Decathlon AG2R La Mondiale Team,https://www.procyclingstats.com/rider/benoit-cosnefroy,27.3,Good
M. MAYRHOFER,Tudor Pro Cycling Team,All-rounders,9,True,1.0,MAYRHOFER Marius,354.0,100.0,DE,Tudor Pro Cycling Team,https://www.procyclingstats.com/rider/marius-mayrhofer,11.11111111111111,Average
F. DOUBEY,TotalEnergies,Climbers,9,True,1.0,DOUBEY Fabien,230.0,170.0,FR,Team TotalEnergies,https://www.procyclingstats.com/rider/fabien-doubey,18.88888888888889,Average
A. DELETTRE,TotalEnergies,All-rounders,9,True,1.0,DELETTRE Alexandre,172.0,225.0,FR,Team TotalEnergies,https://www.procyclingstats.com/rider/alexandre-delettre,25.0,Good
V. PARET PEINTRE,Soudal Quick-Step,Climbers,9,True,1.0,PARET-PEINTRE Valentin,189.0,204.0,FR,Soudal Quick-Step,https://www.procyclingstats.com/rider/valentin-paret-peintre,22.666666666666668,Good
W. BARTA,Movistar Team,All-rounders,9,True,1.0,BARTA Will,319.0,115.0,US,Movistar Team,https://www.procyclingstats.com/rider/william-barta,12.777777777777779,Average
A. SEGAERT,Lotto,All-rounders,9,True,1.0,SEGAERT Alec,229.0,171.0,BE,Lotto,https://www.procyclingstats.com/rider/alec-segaert,19.0,Average
E. SEPULVEDA,Lotto,Climbers,9,True,1.0,SEPÚLVEDA Eduardo,556.0,53.0,AR,Lotto,https://www.procyclingstats.com/rider/eduardo-sepulveda,5.888888888888889,Poor
E. THEUNS,Lidl-Trek,All-rounders,9,True,1.0,THEUNS Edward,217.0,179.0,BE,Lidl - Trek,https://www.procyclingstats.com/rider/edward-theuns,19.88888888888889,Average
T. VAN DER HOORN,Intermarché - Wanty,All-rounders,9,True,1.0,VAN DER HOORN Taco,501.0,60.0,NL,Intermarché - Wanty,https://www.procyclingstats.com/rider/taco-van-der-hoorn,6.666666666666667,Poor
B. TRONCHON,Decathlon AG2R La Mondiale Team,All-rounders,9,True,1.0,TRONCHON Bastien,73.0,386.0,FR,Decathlon AG2R La Mondiale Team,https://www.procyclingstats.com/rider/bastien-tronchon,42.888888888888886,Great
S. DE PESTEL,Decathlon AG2R La Mondiale Team,All-rounders,9,True,1.0,DE PESTEL Sander,576.0,50.0,BE,Decathlon AG2R La Mondiale Team,https://www.procyclingstats.com/rider/sander-de-pestel,5.555555555555555,Poor
S. CARR,Cofidis,All-rounders,9,True,1.0,CARR Simon,1944.0,0.0,GB,Cofidis,https://www.procyclingstats.com/rider/simon-carr,0.0,Poor
D. TOUZE,Cofidis,All-rounders,9,True,1.0,TOUZÉ Damien,427.0,79.0,FR,Cofidis,https://www.procyclingstats.com/rider/damien-touze,8.777777777777779,Poor
R. STANNARD,Bahrain Victorious,All-rounders,9,True,1.0,STANNARD Robert,722.0,35.0,AU,Bahrain - Victorious,https://www.procyclingstats.com/rider/robert-stannard,3.888888888888889,Poor
M. LE BERRE,Arkea-B&B Hotels,All-rounders,9,True,1.0,LE BERRE Mathis,738.0,35.0,FR,Arkéa - B&B Hotels,https://www.procyclingstats.com/rider/mathis-le-berre,3.888888888888889,Poor
M. HOELGAARD,Uno-X Mobility,All-rounders,9,True,1.0,HOELGAARD Markus,170.0,226.0,NO,Uno-X Mobility,https://www.procyclingstats.com/rider/markus-hoelgaard,25.11111111111111,Good
L. ROTA,Intermarché - Wanty,All-rounders,9,True,1.0,ROTA Lorenzo,769.0,32.0,IT,Intermarché - Wanty,https://www.procyclingstats.com/rider/lorenzo-rota,3.5555555555555554,Poor
L. REX,Intermarché - Wanty,All-rounders,9,True,1.0,REX Laurenz,128.0,274.0,BE,Intermarché - Wanty,https://www.procyclingstats.com/rider/laurenz-rex,30.444444444444443,Good
F. SENECHAL,Arkea-B&B Hotels,All-rounders,9,True,1.0,SÉNÉCHAL Florian,1011.0,18.0,FR,Arkéa - B&B Hotels,https://www.procyclingstats.com/rider/florian-senechal,2.0,Poor
B. VAN MOER,Lotto,All-rounders,9,True,1.0,VAN MOER Brent,231.0,170.0,BE,Lotto,https://www.procyclingstats.com/rider/brent-van-moer,18.88888888888889,Average
H. SWEENY,EF Education - Easypost,All-rounders,9,True,1.0,SWEENY Harry,539.0,55.0,AU,EF Education - EasyPost,https://www.procyclingstats.com/rider/harry-sweeny,6.111111111111111,Poor
X. MEURISSE,Alpecin - Deceuninck,Climbers,9,True,1.0,MEURISSE Xandro,569.0,51.0,BE,Alpecin - Deceuninck,https://www.procyclingstats.com/rider/xandro-meurisse,5.666666666666667,Poor
C. RUSSO,Groupama - FDJ,All-rounders,9,True,1.0,RUSSO Clément,382.0,91.0,FR,Groupama - FDJ,https://www.procyclingstats.com/rider/clement-russo,10.11111111111111,Average
T. SKUJINS,Lidl-Trek,All-rounders,9,True,1.0,SKUJIŅŠ Toms,266.0,141.0,LV,Lidl - Trek,https://www.procyclingstats.com/rider/toms-skujins,15.666666666666666,Average
C. SCOTSON,Decathlon AG2R La Mondiale Team,All-rounders,9,True,1.0,SCOTSON Callum,449.0,72.0,AU,Decathlon AG2R La Mondiale Team,https://www.procyclingstats.com/rider/callum-scotson,8.0,Poor
B. LEMMEN,Team Visma | Lease a Bike,Climbers,9,True,1.0,LEMMEN Bart,363.0,97.0,NL,Team Visma | Lease a Bike,https://www.procyclingstats.com/rider/bart-lemmen,10.777777777777779,Average
M. HALLER,Tudor Pro Cycling Team,All-rounders,9,True,1.0,HALLER Marco,332.0,108.0,AT,Tudor Pro Cycling Team,https://www.procyclingstats.com/rider/marco-haller,12.0,Average
R. TILLER,Uno-X Mobility,All-rounders,9,True,1.0,TILLER Rasmus,182.0,214.0,NO,Uno-X Mobility,https://www.procyclingstats.com/rider/rasmus-tiller,23.77777777777778,Good
P. LATOUR,TotalEnergies,Climbers,9,True,1.0,LATOUR Pierre,191.0,201.0,FR,Team TotalEnergies,https://www.procyclingstats.com/rider/pierre-latour,22.333333333333332,Good
L. MEZGEC,Team Jayco AlUla,Sprinters,9,True,1.0,MEZGEC Luka,1049.0,16.0,SI,Team Jayco AlUla,https://www.procyclingstats.com/rider/luka-mezgec,1.7777777777777777,Poor
G. MÜHLBERGER,Movistar Team,All-rounders,9,True,1.0,MÜHLBERGER Gregor,497.0,61.0,AT,Movistar Team,https://www.procyclingstats.com/rider/gregor-muhlberger,6.777777777777778,Poor
F. VERMEERSCH,UAE Team Emirates XRG,All-rounders,9,True,1.0,VERMEERSCH Florian,90.0,350.0,BE,UAE Team Emirates - XRG,https://www.procyclingstats.com/rider/florian-vermeersch,38.888888888888886,Great
M. TEUNISSEN,XDS Astana Team,Sprinters,9,True,1.0,TEUNISSEN Mike,97.0,332.0,NL,XDS Astana Team,https://www.procyclingstats.com/rider/mike-teunissen,36.888888888888886,Great
Y. FEDOROV,XDS Astana Team,All-rounders,9,True,1.0,FEDOROV Yevgeniy,158.0,233.0,KZ,XDS Astana Team,https://www.procyclingstats.com/rider/yevgeniy-fedorov,25.88888888888889,Good
O. NAESEN,Decathlon AG2R La Mondiale Team,All-rounders,9,True,1.0,NAESEN Oliver,386.0,90.0,BE,Decathlon AG2R La Mondiale Team,https://www.procyclingstats.com/rider/oliver-naesen,10.0,Poor
D. NOVAK,UAE Team Emirates XRG,All-rounders,8,True,1.0,NOVAK Domen,1259.0,10.0,SI,UAE Team Emirates - XRG,https://www.procyclingstats.com/rider/domen-novak,1.25,Poor
L. WARBASSE,Tudor Pro Cycling Team,All-rounders,8,True,1.0,WARBASSE Larry,554.0,53.0,US,Tudor Pro Cycling Team,https://www.procyclingstats.com/rider/lawrence-warbasse,6.625,Poor
K. BOUWMAN,Team Jayco AlUla,Climbers,8,True,1.0,BOUWMAN Koen,805.0,30.0,NL,Team Jayco AlUla,https://www.procyclingstats.com/rider/koen-bouwman,3.75,Poor
M. VAN DIJKE,Red Bull - Bora - Hansgrohe,All-rounders,8,True,1.0,VAN DIJKE Mick,336.0,107.0,NL,Red Bull - BORA - hansgrohe,https://www.procyclingstats.com/rider/mick-van-dijke,13.375,Average
A. LIVYNS,Lotto,All-rounders,8,True,1.0,LIVYNS Arjen,226.0,172.0,BE,Lotto,https://www.procyclingstats.com/rider/arjen-livyns,21.5,Good
B. SWIFT,Ineos Grenadiers,All-rounders,8,True,1.0,SWIFT Ben,380.0,91.0,GB,INEOS Grenadiers,https://www.procyclingstats.com/rider/ben-swift,11.375,Average
C. BARTHE,Groupama - FDJ,Sprinters,8,True,1.0,BARTHE Cyril,582.0,50.0,FR,Groupama - FDJ,https://www.procyclingstats.com/rider/cyril-barthe,6.25,Poor
T. BAYER,Alpecin - Deceuninck,All-rounders,8,True,1.0,BAYER Tobias,695.0,37.0,AT,Alpecin - Deceuninck,https://www.procyclingstats.com/rider/tobias-bayer,4.625,Poor
V. BRAET,Intermarché - Wanty,All-rounders,8,True,1.0,BRAET Vito,353.0,101.0,BE,Intermarché - Wanty,https://www.procyclingstats.com/rider/vito-braet,12.625,Average
O. RIESEBEEK,Alpecin - Deceuninck,All-rounders,8,True,1.0,RIESEBEEK Oscar,975.0,20.0,NL,Alpecin - Deceuninck,https://www.procyclingstats.com/rider/oscar-riesebeek,2.5,Poor
A. PEDRERO,Movistar Team,Climbers,8,True,1.0,PEDRERO Antonio,1087.0,15.0,ES,Movistar Team,https://www.procyclingstats.com/rider/antonio-pedrero,1.875,Poor
B. JUNGELS,Ineos Grenadiers,All-rounders,8,True,1.0,JUNGELS Bob,516.0,57.0,LU,INEOS Grenadiers,https://www.procyclingstats.com/rider/bob-jungels,7.125,Poor
G. WILSLY,Lotto,Climbers,8,True,1.0,GREGAARD Jonas,794.0,30.0,DK,Lotto,https://www.procyclingstats.com/rider/jonas-gregaard,3.75,Poor
M. BURGAUDEAU,TotalEnergies,All-rounders,8,True,1.0,BURGAUDEAU Mathieu,512.0,58.0,FR,Team TotalEnergies,https://www.procyclingstats.com/rider/mathieu-burgaudeau,7.25,Poor
K. VERMAERKE,Team Picnic PostNL,All-rounders,8,True,1.0,VERMAERKE Kevin,751.0,34.0,US,Team Picnic PostNL,https://www.procyclingstats.com/rider/kevin-vermaerke,4.25,Poor
N. DOS SANTOS SIMOES OLIVEIRA,Movistar Team,All-rounders,8,True,1.0,OLIVEIRA Nelson,826.0,29.0,PT,Movistar Team,https://www.procyclingstats.com/rider/nelson-oliveira,3.625,Poor
S. DILLIER,Alpecin - Deceuninck,All-rounders,8,True,1.0,DILLIER Silvan,970.0,20.0,CH,Alpecin - Deceuninck,https://www.procyclingstats.com/rider/silvan-dillier,2.5,Poor
D. VAN BEKKUM,XDS Astana Team,All-rounders,7,True,1.0,VAN BEKKUM Darren,1281.0,10.0,NL,XDS Astana Team,https://www.procyclingstats.com/rider/darren-van-bekkum,1.4285714285714286,Poor
A. JOHANNESSEN,Uno-X Mobility,All-rounders,7,True,1.0,JOHANNESSEN Anders Halland,122.0,282.0,NO,Uno-X Mobility,https://www.procyclingstats.com/rider/anders-halland-johannessen,40.285714285714285,Great
F. LIENHARD,Tudor Pro Cycling Team,All-rounders,7,True,1.0,LIENHARD Fabian,421.0,80.0,CH,Tudor Pro Cycling Team,https://www.procyclingstats.com/rider/fabian-lienhard,11.428571428571429,Average
N. MÄRKL,Team Picnic PostNL,All-rounders,7,True,1.0,MÄRKL Niklas,642.0,42.0,DE,Team Picnic PostNL,https://www.procyclingstats.com/rider/niklas-markl,6.0,Poor
J. LECERF,Soudal Quick-Step,Climbers,7,True,1.0,LECERF Junior,125.0,277.0,BE,Soudal Quick-Step,https://www.procyclingstats.com/rider/junior-lecerf,39.57142857142857,Great
O. VERGAERDE,Lidl-Trek,All-rounders,7,True,1.1,VERGAERDE Otto,1014.0,18.0,BE,Lidl - Trek,https://www.procyclingstats.com/rider/otto-vergaerde,2.5714285714285716,Poor
R. VAN SINTMAARTENSDIJK,Intermarché - Wanty,All-rounders,7,True,1.0,VAN SINTMAARTENSDIJK Roel,883.0,25.0,NL,Intermarché - Wanty,https://www.procyclingstats.com/rider/roel-van-sintmaartensdijk,3.5714285714285716,Poor
E. VERSTRYNGE,Alpecin - Deceuninck,All-rounders,7,True,1.0,VERSTRYNGE Emiel,506.0,59.0,BE,Alpecin - Deceuninck,https://www.procyclingstats.com/rider/emiel-verstrynge,8.428571428571429,Poor
M. VERCHER,TotalEnergies,All-rounders,7,True,1.0,VERCHER Mattéo,225.0,173.0,FR,Team TotalEnergies,https://www.procyclingstats.com/rider/matheo-vercher,24.714285714285715,Good
T. GACHIGNARD,TotalEnergies,All-rounders,7,True,1.0,GACHIGNARD Thomas,441.0,74.0,FR,Team TotalEnergies,https://www.procyclingstats.com/rider/thomas-gachignard,10.571428571428571,Average
S. FLYNN,Team Picnic PostNL,All-rounders,7,True,1.0,FLYNN Sean,598.0,47.0,GB,Team Picnic PostNL,https://www.procyclingstats.com/rider/sean-flynn,6.714285714285714,Poor
J. ROMO OLIVER,Movistar Team,All-rounders,7,True,1.0,ROMO Javier,52.0,460.0,ES,Movistar Team,https://www.procyclingstats.com/rider/javier-romo,65.71428571428571,Excellent
L. VERVAEKE,Soudal Quick-Step,Climbers,7,True,1.0,VERVAEKE Louis,553.0,53.0,BE,Soudal Quick-Step,https://www.procyclingstats.com/rider/louis-vervaeke,7.571428571428571,Poor
J. BERNARD,Lidl-Trek,All-rounders,7,True,1.0,BERNARD Julien,692.0,38.0,FR,Lidl - Trek,https://www.procyclingstats.com/rider/julien-bernard,5.428571428571429,Poor
A. CHARMIG,XDS Astana Team,Climbers,7,True,1.0,CHARMIG Anthon,440.0,74.0,DK,XDS Astana Team,https://www.procyclingstats.com/rider/anthon-charmig,10.571428571428571,Average
J. JENSEN,Team Jayco AlUla,All-rounders,7,True,1.0,PLOWRIGHT Jensen,446.0,73.0,AU,Alpecin - Deceuninck,https://www.procyclingstats.com/rider/jensen-plowright,10.428571428571429,Average
L. DURBRIDGE,Team Jayco AlUla,All-rounders,7,True,1.0,DURBRIDGE Luke,782.0,30.0,AU,Team Jayco AlUla,https://www.procyclingstats.com/rider/luke-durbridge,4.285714285714286,Poor
M. LOUVEL,Israël - Premier Tech,All-rounders,7,True,1.0,LOUVEL Matis,467.0,67.0,FR,Israel - Premier Tech,https://www.procyclingstats.com/rider/matis-louvel,9.571428571428571,Poor
P. EENKHOORN,Soudal Quick-Step,All-rounders,7,True,1.0,EENKHOORN Pascal,573.0,50.0,NL,Soudal Quick-Step,https://www.procyclingstats.com/rider/pascal-eenkhoorn,7.142857142857143,Poor
J. DE BUYST,Lotto,All-rounders,7,True,1.0,DE BUYST Jasper,917.0,23.0,BE,Lotto,https://www.procyclingstats.com/rider/jasper-de-buyst,3.2857142857142856,Poor
G. BOIVIN,Israël - Premier Tech,All-rounders,7,True,1.0,BOIVIN Guillaume,983.0,20.0,CA,Israel - Premier Tech,https://www.procyclingstats.com/rider/guillaume-boivin,2.857142857142857,Poor
A. RENARD,Cofidis,All-rounders,7,True,1.0,RENARD Alexis,75.0,378.0,FR,Cofidis,https://www.procyclingstats.com/rider/alexis-renard,54.0,Excellent
G. MOSCON,Red Bull - Bora - Hansgrohe,All-rounders,7,True,1.0,MOSCON Gianni,602.0,46.0,IT,Red Bull - BORA - hansgrohe,https://www.procyclingstats.com/rider/gianni-moscon,6.571428571428571,Poor
P. GAMPER,Team Jayco AlUla,All-rounders,6,True,1.0,GAMPER Patrick,772.0,32.0,AT,Team Jayco AlUla,https://www.procyclingstats.com/rider/patrick-gamper,5.333333333333333,Poor
C. BRAZ AFONSO,Groupama - FDJ,Climbers,6,True,1.0,BRAZ AFONSO Clément,351.0,102.0,FR,Groupama - FDJ,https://www.procyclingstats.com/rider/clement-braz-afonso,17.0,Average
R. FROIDEVAUX,Tudor Pro Cycling Team,All-rounders,6,True,1.0,FROIDEVAUX Robin,1265.0,10.0,CH,Tudor Pro Cycling Team,https://www.procyclingstats.com/rider/robin-froidevaux,1.6666666666666667,Poor
B. VAN LERBERGHE,Soudal Quick-Step,All-rounders,6,True,1.0,VAN LERBERGHE Bert,971.0,20.0,BE,Soudal Quick-Step,https://www.procyclingstats.com/rider/bert-van-lerberghe,3.3333333333333335,Poor
M. MIHKELS,EF Education - Easypost,All-rounders,6,True,1.0,MIHKELS Madis,177.0,221.0,EE,EF Education - EasyPost,https://www.procyclingstats.com/rider/madis-mihkels,36.833333333333336,Great
J. DRIZNERS,Lotto,All-rounders,6,True,1.0,DRIZNERS Jarrad,1080.0,15.0,AU,Lotto,https://www.procyclingstats.com/rider/jarrad-drizners,2.5,Poor
C. BEULLENS,Lotto,All-rounders,6,True,1.0,BEULLENS Cedric,821.0,29.0,BE,Lotto,https://www.procyclingstats.com/rider/cedric-beullens,4.833333333333333,Poor
N. EEKHOFF,Team Picnic PostNL,All-rounders,6,True,1.0,EEKHOFF Nils,198.0,197.0,NL,Team Picnic PostNL,https://www.procyclingstats.com/rider/nils-eekhoff,32.833333333333336,Good
J. RICKAERT,Alpecin - Deceuninck,All-rounders,6,True,1.0,RICKAERT Jonas,793.0,30.0,BE,Alpecin - Deceuninck,https://www.procyclingstats.com/rider/jonas-rickaert,5.0,Poor
T. NABERMAN,Team Picnic PostNL,All-rounders,5,True,1.0,NABERMAN Tim,1569,5.0,NL,Team Picnic PostNL,https://www.procyclingstats.com/rider/tim-naberman,1.0,Poor
N. RAISBERG,Israël - Premier Tech,All-rounders,5,True,1.0,RAISBERG Nadav,730.0,35.0,IL,Israel - Premier Tech,https://www.procyclingstats.com/rider/nadav-raisberg,7.0,Poor
P. CÔTÉ,Israël - Premier Tech,All-rounders,5,True,1.0,CÔTÉ Pier-André,334.0,107.0,CA,Israel - Premier Tech,https://www.procyclingstats.com/rider/pier-andre-cote,21.4,Good
P. OURSELIN,Cofidis,All-rounders,5,True,1.0,OURSELIN Paul,723.0,35.0,FR,Cofidis,https://www.procyclingstats.com/rider/paul-ourselin,7.0,Poor
F. GRELLIER,TotalEnergies,All-rounders,5,True,1.0,GRELLIER Fabien,1286.0,10.0,FR,Team TotalEnergies,https://www.procyclingstats.com/rider/fabien-grellier,2.0,Poor
M. SCHWARZMANN,Israël - Premier Tech,All-rounders,5,True,1.0,SCHWARZMANN Michael,1083.0,15.0,DE,Israel - Premier Tech,https://www.procyclingstats.com/rider/michael-schwarzmann,3.0,Poor
M. PAASSCHENS,Bahrain Victorious,All-rounders,5,True,1.0,PAASSCHENS Mathijs,786.0,30.0,NL,Bahrain - Victorious,https://www.procyclingstats.com/rider/mathijs-paasschens,6.0,Poor
S. GRIGNARD,Lotto,Climbers,5,True,1.0,GRIGNARD Sébastien,734.0,35.0,BE,Lotto,https://www.procyclingstats.com/rider/sebastien-grignard,7.0,Poor
K. GRADEK,Bahrain Victorious,All-rounders,5,True,1.0,GRADEK Kamil,736.0,35.0,PL,Bahrain - Victorious,https://www.procyclingstats.com/rider/kamil-gradek,7.0,Poor
E. REINDERS,Team Jayco AlUla,All-rounders,5,True,1.0,REINDERS Elmar,641.0,42.0,NL,Team Jayco AlUla,https://www.procyclingstats.com/rider/elmar-reinders,8.4,Poor
A. DELAPLACE,Arkea-B&B Hotels,All-rounders,5,True,1.0,DELAPLACE Anthony,670.0,40.0,FR,Arkéa - B&B Hotels,https://www.procyclingstats.com/rider/anthony-delaplace,8.0,Poor
