name,points_12m
POGAČAR Tadej,4744.0
VINGEGAARD Jonas,3405.0
DEL TORO Isaac,2901.0
EVENEPOEL Remco,2426.0
DE LIE Arnaud,1803.0
PHILIPSEN Jasper,1752.0
PIDCOCK Tom,1709.0
MAGNIER Paul,1671.0
GALL Felix,1566.0
LIPOWITZ Florian,1559.0
SEIXAS Paul,1545.0
VAN DER POEL Mathieu,1503.0
ANDRESEN Tobias Lund,1376.0
SCARONI Christian,1353.0
SCHMID Mauro,1307.0
GRÉGOIRE Romain,1289.0
JOHANNESSEN Tobias Halland,1281.0
PELLIZZARI Giulio,1271.0
VAN AERT Wout,1244.0
MCNULTY Brandon,1199.0
MARTINEZ Lenny,1157.0
SKJELMOSE Mattias,1138.0
MILAN Jonathan,1133.0
ARENSMAN Thymen,1132.0
CICCONE Giulio,1124.0
VINE Jay,1092.0
PEDERSEN Mads,1091.0
JORGENSON Matteo,1084.0
MEEUS Jordi,1039.0
GODON Dorian,991.0
RICCITELLO Matthew,981.0
NARVÁEZ Jhonatan,971.0
CHRISTEN Jan,960.0
HINDLEY Jai,942.0
ONLEY Oscar,939.0
IZAGIRRE Ion,934.0
ROGLIČ Primož,921.0
BERNAL Egan,919.0
GROENEWEGEN Dylan,918.0
HEALY Ben,908.0
PITHIE Laurence,900.0
STORER Michael,898.0
MERLIER Tim,889.0
AYUSO Juan,885.0
ALMEIDA João,878.0
VAUQUELIN Kévin,865.0
UIJTDEBROEKS Cian,862.0
BRENNAN Matthew,839.0
COSNEFROY Benoît,838.0
LAPORTE Christophe,824.0
YATES Adam,817.0
GIRMAY Biniam,816.0
KUBIŠ Lukáš,811.0
STRONG Corbin,793.0
BITTNER Pavel,786.0
PLAPP Luke,781.0
RONDEL Mathys,778.0
ARANBURU Alex,770.0
JEANNIÈRE Emilien,758.0
WÆRENSKJOLD Søren,756.0
TIBERI Antonio,751.0
STUYVEN Jasper,730.0
KUSS Sepp,730.0
SILVA Guillermo Thomas,728.0
BILBAO Pello,713.0
BAUDIN Alex,702.0
LAPEIRA Paul,697.0
O'CONNOR Ben,679.0
KOOIJ Olav,666.0
PIGANZOLI Davide,653.0
TEJADA Harold,650.0
TRENTIN Matteo,642.0
SHEEHAN Riley,642.0
MORGADO António,635.0
JEGAT Jordan,627.0
GANNA Filippo,622.0
ZANA Filippo,619.0
VENTURINI Clément,618.0
TULETT Ben,614.0
MULUBRHAN Henok,612.0
DELETTRE Alexandre,606.0
ALAPHILIPPE Julian,602.0
ANIOŁKOWSKI Stanisław,602.0
EULÁLIO Afonso,591.0
TESFATSION Natnael,587.0
ABRAHAMSEN Jonas,582.0
LEKNESSUND Andreas,581.0
VERNON Ethan,579.0
BUITRAGO Santiago,575.0
NORDHAGEN Jørgen,571.0
MALUCELLI Matteo,560.0
KANTER Max,556.0
CARAPAZ Richard,547.0
WRIGHT Fred,546.0
ARRIETA Igor,546.0
HIGUITA Sergio,544.0
SÖDERQVIST Jakob,541.0
DE SCHUYTENEER Steffen,539.0
VAN WILDER Ilan,531.0
VERMEERSCH Florian,526.0
DOUBLE Paul,519.0
SIMMONS Quinn,519.0
ROMEO Iván,518.0
WELLENS Tim,514.0
FANCELLU Alessandro,509.0
PENHOËT Paul,508.0
BETTIOL Alberto,507.0
VLASOV Aleksandr,501.0
CHAMPOUSSIN Clément,500.0
LECERF Junior,500.0
TURNER Ben,498.0
FOLDAGER Anders,498.0
GEE-WEST Derek,496.0
PARET-PEINTRE Valentin,495.0
SIVAKOV Pavel,493.0
BERCKMOES Jenno,490.0
SEGAERT Alec,490.0
VENDRAME Andrea,488.0
HERMANS Quinten,482.0
GRUEL Thibaud,482.0
ZAMBANINI Edoardo,478.0
HIRSCHI Marc,473.0
ULISSI Diego,470.0
TURGIS Anthony,461.0
SKUJIŅŠ Toms,459.0
VINOKUROV Nicolas,453.0
LONARDI Giovanni,447.0
FEDOROV Yevgeniy,440.0
RAJOVIĆ Dušan,439.0
MOZZATO Luca,439.0
BARRENETXEA Jon,439.0
KULSET Johannes,436.0
DEL GROSSO Tibor,434.0
VOISARD Yannis,433.0
BERWICK Sebastian,428.0
CANAL Carlos,427.0
BALLERINI Davide,424.0
COSTIOU Ewen,423.0
SOLER Marc,422.0
BISIAUX Léo,420.0
LAURANCE Axel,416.0
AULAR Orluis,412.0
COQUARD Bryan,411.0
VACEK Mathias,410.0
SOBRERO Matteo,405.0
DUJARDIN Sandy,402.0
GROßSCHARTNER Felix,398.0
MATTHEWS Michael,392.0
ASKEY Lewis,390.0
FORTUNATO Lorenzo,386.0
ARMIRAIL Bruno,382.0
FRETIN Milan,382.0
VAN POPPEL Danny,381.0
RODRÍGUEZ Cristián,375.0
TEUNISSEN Mike,373.0
COBO Iván,370.0
MARTIN Guillaume,369.0
VALGREN Michael,367.0
CHARMIG Anthon,366.0
VELASCO Simone,363.0
GUERIN Alexis,357.0
PRODHOMME Nicolas,355.0
TUCKWELL Luke,354.0
VERMAERKE Kevin,349.0
GILMORE Brady,349.0
WITHEN PHILIPSEN Albert,349.0
MARTÍNEZ Daniel Felipe,347.0
VERMEERSCH Gianni,345.0
RACCAGNI NOVIERO Andrea,343.0
MOSCHETTI Matteo,342.0
RENARD Alexis,342.0
FRIGO Marco,340.0
BERASATEGI Xabier,340.0
PINARELLO Alessandro,340.0
TRÆEN Torstein,339.0
PARET-PEINTRE Aurélien,337.0
HAGENES Per Strand,336.0
MOHORIČ Matej,333.0
MARIT Arne,333.0
RUIZ Ibon,331.0
SALBY Alexander,329.0
WATSON Samuel,327.0
GARCÍA PIERNA Raúl,325.0
ENGELHARDT Felix,320.0
CARUSO Damiano,317.0
MADOUAS Valentin,315.0
FAGÚNDEZ Eric Antonio,311.0
BAGIOLI Andrea,309.0
VAN DIJKE Tim,309.0
THIJSSEN Gerben,308.0
ZIMMERMANN Georg,307.0
GAUTHERAT Pierre,307.0
ISIDORE Noa,306.0
BERRADE Urko,305.0
DELBOVE Joris,304.0
CRESCIOLI Ludovico,304.0
KRON Andreas,302.0
DE GENDT Aimé,299.0
MÜHLBERGER Gregor,297.0
HONORÉ Mikkel Frølich,296.0
HARPER Chris,294.0
LAMPERTI Luke,294.0
SHEFFIELD Magnus,294.0
ROMO Javier,294.0
GRISEL Matys,293.0
OMRZEL Jakob,293.0
YATES Simon,292.0
TESSON Jason,291.0
OLIVER Ben,291.0
KOPECKÝ Matyáš,291.0
HUENS Axel,289.0
JOHANNESSEN Anders Halland,289.0
BLIKRA Erlend,288.0
STEINHAUSER Georg,288.0
TILLER Rasmus,286.0
MIQUEL Pau,283.0
DEWULF Stan,282.0
L'HOTE Antoine,282.0
MENTEN Milan,280.0
VAN GILS Maxim,280.0
POLITT Nils,278.0
VERSTRYNGE Emiel,276.0
QUINTANA Nairo,275.0
MILESI Lorenzo,274.0
MARIAULT Axel,273.0
BIESTERBOS Frits,271.0
MEURISSE Xandro,270.0
TOWNSEND Rory,270.0
CRABBE Tom,269.0
BENOOT Tiesj,268.0
KOGUT Oded,268.0
DVERSNES LAVIK Fredrik,268.0
GAROFOLI Gianmarco,267.0
ACKERMANN Pascal,266.0
KRAGH ANDERSEN Søren,265.0
SHMIDT Artem,265.0
BIERMANS Jenthe,264.0
LANGELLOTTI Victor,264.0
LARSEN Niklas,264.0
ETXEBERRIA Haimar,264.0
AUGUST Andrew,264.0
PEÑALVER Manuel,263.0
NYCH Artem,262.0
VANSEVENANT Mauri,261.0
PLUIMERS Rick,261.0
LEMMEN Bart,260.0
BOGUSŁAWSKI Marceli,258.0
HEIDUK Kim,258.0
CASTRILLO Pablo,258.0
MOLARD Rudy,257.0
POZZOVIVO Domenico,257.0
THOMAS Benjamin,257.0
CEPEDA Jefferson Alveiro,257.0
BRENNER Marco,257.0
GAVIRIA Fernando,256.0
NERURKAR Lukas,256.0
WELSFORD Sam,255.0
BONNEU Kamiel,253.0
CAMPENAERTS Victor,252.0
MIHKELS Madis,252.0
SVESTAD-BÅRDSENG Embret,251.0
ALLENO Clément,250.0
WENZEL Mats,250.0
PESCADOR Diego,250.0
DE LA CRUZ David,246.0
VAN DEN BROEK Frank,246.0
WALSCHEID Max,245.0
FOSS Tobias,245.0
SOSA Iván Ramiro,245.0
PERICAS Adrià,242.0
BAUHAUS Phil,241.0
MOLENAAR Alex,241.0
DE KLEIJN Arvid,240.0
GUALDI Simone,240.0
POWLESS Neilson,239.0
LOOCKX Lander,239.0
BRAZ AFONSO Clément,239.0
PESENTI Thomas,238.0
RODRÍGUEZ Carlos,237.0
FINN Lorenzo Mark,237.0
GARCÍA CORTINA Iván,236.0
HATHERLY Alan,236.0
BARCELÓ Fernando,235.0
GUDMESTAD Tord,234.0
GROVES Kaden,232.0
DONALDSON Robert,232.0
CHRISTEN Fabio,229.0
FISHER-BLACK Finn,228.0
PARRA José Félix,227.0
DAINESE Alberto,227.0
SLOCK Liam,227.0
PEÑA Jesús David,227.0
ZINGLE Axel,226.0
LAFAY Victor,225.0
SWEENY Harry,225.0
ARVANITOU Nikiforos,225.0
BELOKI Markel,225.0
VERCHER Mattéo,223.0
VAN DIJKE Mick,222.0
UMBA Santiago,222.0
HERRADA Jesús,221.0
BETTLES Carter,221.0
HOFSTETTER Hugo,220.0
MAYRHOFER Marius,220.0
LÓPEZ Harold Martín,219.0
GAUDU David,218.0
VAN MOER Brent,218.0
MARTÍN Gotzon,217.0
ZANONCELLO Enrico,217.0
QUARTUCCI Lorenzo,217.0
BUSATTO Francesco,217.0
MOLANO Juan Sebastián,216.0
IZQUIERDO Clément,216.0
CAVAGNA Rémi,214.0
AGIRRE Jon,214.0
LØLAND Sakarias Koller,213.0
CAVIA Daniel,213.0
SCHIFFER Anton,213.0
VAN KERCKHOVE Matisse,212.0
REX Laurenz,211.0
TJØTTA Martin,210.0
ÁLVAREZ Héctor,210.0
MUDGWAY Luke,209.0
VAN EETVELT Lennert,209.0
DEBRUYNE Ramses,209.0
WIDAR Jarno,209.0
DE BONDT Dries,208.0
BARRÉ Louis,208.0
TEUTENBERG Tim Torn,208.0
DÍAZ José Manuel,207.0
MARTÍ Pau,206.0
GATE Aaron,204.0
MAS Enric,204.0
ALEOTTI Giovanni,204.0
RUBIO Einer,204.0
BURNETT Josh,204.0
HOELGAARD Markus,203.0
OLIVEIRA Ivo,203.0
DEKKER David,203.0
PLOWRIGHT Jensen,203.0
TARLING Joshua,201.0
MAYER Alexandre,200.0
BERTHET Clément,200.0
FIORELLI Filippo,199.0
GARIBBO Nicolò,197.0
MUNTON Byron,196.0
MARCELLUSI Martin,196.0
KUDUS Merhawi,195.0
SEPÚLVEDA Eduardo,194.0
NAESEN Oliver,192.0
TAARAMÄE Rein,192.0
HOPKINS Dylan,192.0
BREUILLARD Nicolas,191.0
PRADES Eduard,190.0
ALBANESE Vincenzo,190.0
BALDERSTONE Abel,190.0
HIRT Jan,189.0
VAN DEN BERG Marijn,189.0
BRAET Vito,189.0
TEUNS Dylan,187.0
CORT Magnus,184.0
MAJKA Rafał,184.0
ADRIÀ Roger,184.0
FABBRO Matteo,183.0
HOOLE Daan,183.0
JOHANNINK Jelle,182.0
STORK Florian,182.0
KÜNG Stefan,180.0
EDDY Patrick,180.0
KAMP Alexander,179.0
EENKHOORN Pascal,179.0
AERTS Toon,177.0
LANDA Mikel,177.0
EIKING Odd Christian,177.0
CHUMIL Sergio Geovani,177.0
MOLLEMA Bauke,176.0
NEILANDS Krists,175.0
ROLLAND Brieuc,175.0
KELDERMAN Wilco,174.0
GLOAG Thomas,174.0
DECOMBLE Maxime,173.0
POELS Wout,172.0
RIKUNOV Petr,171.0
MAGLI Filippo,171.0
CEPEDA Jefferson Alexander,170.0
MONIQUET Sylvain,169.0
DONOVAN Mark,169.0
TOLIO Alex,168.0
MÜLLER Tobias,168.0
KWIATKOWSKI Michał,165.0
BENNETT George,164.0
BOL Cees,164.0
BREGNHØJ Mathias,164.0
KOERDT Bjorn,164.0
ROULAND Louis,163.0
CASTELLON Jan,162.0
VAN ENGELEN Adne,161.0
MACÍAS César,161.0
LEITÃO Iúri,160.0
HALLER Marco,158.0
OLDANI Stefano,158.0
ZWIEHOFF Ben,158.0
CAMPRUBÍ Marcel,158.0
DENZ Nico,157.0
BJERG Mikkel,157.0
TSARENKO Kyrylo,156.0
HUERTAS Jason Andrey,155.0
RYAN Archie,155.0
ANTUNES Tiago,154.0
CADENA Edgar David,154.0
CUYLITS Mauro,154.0
DUNBAR Eddie,153.0
SCOTT Cameron,153.0
LAAS Martin,152.0
SCALCO Matteo,152.0
ERŽEN Žak,152.0
BERNARD Julien,151.0
BISSEGGER Stefan,151.0
PRONSKIY Vadim,150.0
BÉVORT Carl-Frederik,150.0
DE LA CALLE Hugo,150.0
RASCH Jesper,148.0
MAISONOBE Sam,148.0
SPARFEL Aubin,147.0
COVILI Luca,146.0
HOBBS Noah,146.0
MAGAGNOTTI Alessio,146.0
NICOLAU Joel,145.0
MAESTRI Mirco,144.0
HAYTER Ethan,144.0
BRUSTENGA Marc,144.0
DATI Tommaso,144.0
LEROUX Samuel,143.0
OLIVEIRA Rui,143.0
GRAAT Tijmen,143.0
TSVETKOV Nikita,143.0
TSISHKOU Raman,142.0
CAICEDO Jonathan Klever,142.0
VAN BOVEN Luca,142.0
VAN TRICHT Floris,142.0
VERONA Carlos,141.0
RUSSO Clément,141.0
VERRE Alessandro,141.0
HAMILTON Chris,140.0
SEVILLA Diego Pablo,140.0
BOICHIS Adrien,140.0
JASCH Lennart,140.0
GONZÁLEZ David,139.0
DUPONT Timothy,138.0
GLIVAR Gal,138.0
BELOHVOŠČIKS Kristiāns,138.0
MEEHAN Jamie,138.0
BRAVO Henrique,138.0
VAN BAARLE Dylan,137.0
ARTZ Huub,137.0
TRONCHON Bastien,137.0
SU Haoyu,137.0
LEONARD Michael,137.0
DARDER Sergi,136.0
JASIM AL-ALI Abdulla,136.0
VALTER Attila,135.0
LE BERRE Mathis,135.0
TONEATTI Davide,135.0
VAN DER TUUK Axel,134.0
HARDOUIN Louis,133.0
BLOEM Joren,132.0
BALMER Alexandre,131.0
RIVERA Brandon Smith,130.0
CRAPS Lars,130.0
LABROSSE Jordan,130.0
DE BOD Stefan,129.0
BARGUIL Warren,128.0
AFFINI Edoardo,128.0
PAGE Hugo,128.0
HOLTER Ådne,128.0
GOVEKAR Matevž,127.0
FERNÁNDEZ Samuel,127.0
LOUVEL Matis,126.0
PALETTI Luca,126.0
JACOBS Johan,124.0
THÉOT Killian,123.0
STAUNE-MITTET Johannes,123.0
BLEDDYN Oliver,123.0
STÜSSI Colin,122.0
JOHANSEN Julius,122.0
BUDZIŃSKI Marcin,122.0
REINDERS Elmar,121.0
VERVAEKE Louis,121.0
GHEBREIGZABHIER Amanuel,120.0
PAREDES Wilmar,120.0
KIELICH Timo,120.0
KRETSCHY Moritz,120.0
GUARDEÑO Jaume,120.0
PAJUR Romet,120.0
JEŽEK Václav,120.0
BARTA Will,119.0
DONNENWIRTH Tom,118.0
COSTA Rui,117.0
HERREGODTS Rune,117.0
PICKERING Finlay,117.0
PLANCKAERT Edward,116.0
PĘKALA Piotr,116.0
FROIDEVAUX Robin,116.0
CHRISTIE-JOHNSTON Alastair,116.0
BROWNING Fergus,116.0
AMAN Awet,116.0
LOULERGUE Victor,116.0
VARGAS Walter,115.0
ZUKOWSKY Nickolas,115.0
VAN DER LEE Jardi Christiaan,115.0
CALZONI Walter,114.0
UHLIG Henri,112.0
PEDERSEN Rasmus Søjberg,112.0
KOCKELMANN Mathieu,112.0
WARBASSE Larry,111.0
PLUTO Mārtiņš,111.0
VEZIE Maxime,111.0
PELLAUD Simon,110.0
TERCERO Fernando,110.0
CAPIOT Amaury,109.0
VIVIANI Elia,109.0
SWIFT Connor,109.0
PRADES Benjamín,108.0
MASNADA Fausto,108.0
JAMAICA Javier Ernesto,108.0
DEHAIRS Simon,108.0
FOX Matthew,108.0
CHRISTOPHERSEN Cedrik Bakke,108.0
SCHACHMANN Maximilian,107.0
SCOTSON Callum,107.0
HUBY Antoine,107.0
CAMARGO Diego Andrés,107.0
VAN GESTEL Dries,106.0
CATTANEO Mattia,106.0
GERMANI Lorenzo,106.0
PITA Cristian David,105.0
ROTA Lorenzo,105.0
ASGREEN Kasper,105.0
EINHORN Itamar,105.0
DE PRETTO Davide,105.0
MIFSUD Andrea,104.0
CROZZOLO Fabrizio,104.0
COVI Alessandro,103.0
RUTSCH Jonas,103.0
POULARD Athit,103.0
MEIJERS Jeroen,102.0
OLIVEIRA Nelson,102.0
KONYCHEV Alexander,102.0
SINSCHEK Nils,102.0
JUARISTI Txomin,102.0
ÄRM Rait,102.0
BOU Joan,101.0
MOSCON Gianni,100.0
ANDERSEN Mads,100.0
KENCH Josh,100.0
BELLETTA Dario Igor,100.0
DONATI Davide,100.0
OOMEN Sam,99.0
THEUNS Edward,99.0
APARICIO Mario,99.0
REINDERINK Pepijn,99.0
VADIC Baptiste,99.0
REMIJN Senna,99.0
SÜTTERLIN Jasha,98.0
BUDIAK Anatolii,98.0
MURGUIALDAY Jokin,98.0
MIMOUNI Oussama Abdellah,98.0
PACHER Quentin,97.0
SYRITSA Gleb,97.0
DAUPHIN Florian,97.0
RAILEANU Cristian,96.0
VAHTRA Norman,96.0
GAFFURI Mattia,96.0
THIERRY Pierre,96.0
LANHOVE Milan,96.0
VEISTROFFER Baptiste,96.0
TURCONI Filippo,96.0
LIEPIŅŠ Emīls,95.0
VAN ASBROECK Tom,95.0
SMIT Willie,95.0
BAIS Mattia,95.0
STEWART Jake,95.0
VAN DEN BOSSCHE Fabio,95.0
ROMELE Alessandro,95.0
BORGO Alessandro,95.0
NIYONKURU Samuel,94.0
NEUMAN Dominik,93.0
EEKHOFF Nils,93.0
ADAMIETZ Johannes,93.0
VERGALLITO Luca,93.0
DE POOTER Dries,93.0
BLACKMORE Joseph,93.0
KERCKHAERT Jochem,92.0
LÓPEZ Jordi,92.0
FREDHEIM Stian,92.0
JUUL-JENSEN Christopher,91.0
TEUGELS Lennert,91.0
PETER Jannis,91.0
GACHIGNARD Thomas,91.0
PŘIDAL Tomáš,91.0
MEINTJES Louis,90.0
SWIFT Ben,90.0
CRAS Steff,90.0
SAINBAYAR Jambaljamts,90.0
CARR Simon,90.0
BARTHE Cyril,90.0
THORNLEY Callum,90.0
GEOGHEGAN HART Tao,89.0
PEDERSEN Casper,89.0
BONNET Thomas,89.0
DE PESTEL Sander,89.0
BURATTI Nicolò,89.0
STANNARD Robert,88.0
IRIBAR Unai,88.0
WALLENBORN Arno,88.0
JANSE VAN RENSBURG Reinardt,87.0
RICKAERT Jonas,87.0
SKAARSETH Anders,87.0
CONCI Nicola,87.0
LOZANO Juan Pedro,87.0
DÉMARE Arnaud,86.0
MATTHEIS Oliver,86.0
ROCHAS Rémy,86.0
BURGAUDEAU Mathieu,86.0
MELLANO Ludovico Maria,86.0
HAIG Jack,85.0
SHAW James,85.0
GUTIÉRREZ Jorge,85.0
VAN MECHELEN Vlad,85.0
FORMOLO Davide,84.0
BRAMBILLA Gianluca,84.0
CALLEJAS Edison Alejandro,84.0
BOIVIN Guillaume,83.0
MOSCA Jacopo,83.0
WHITEHOUSE Daniel,83.0
BARBIER Pierre,83.0
DE VRIES Hartthijs,83.0
GUERNALEC Thibault,83.0
CHAMBERLAIN Oscar,83.0
BOUGLAS Georgios,82.0
LAMPAERT Yves,82.0
KRISTOFF Alexander,82.0
GOLDSTEIN Omer,82.0
FRĄTCZAK Radosław,82.0
SENTJENS Sente,82.0
NOVAK Domen,81.0
REIS Rafael,80.0
RAPP Jonas,80.0
NABERMAN Tim,80.0
MACIEJUK Filip,80.0
VAN UDEN Casper,80.0
NYS Thibau,80.0
HOOGENDOORN Roy,80.0
LAU Wan Yau Vincent,79.0
RAISBERG Nadav,79.0
MIKUTIS Aivaras,79.0
SORARRAIN Gorka,79.0
LASTRA Jonathan,78.0
DOWNES Brandon,78.0
NIELSEN Sebastian,78.0
SILVA Pedro,78.0
SCHRETTL Marco,78.0
MILESI Nicolas,78.0
DRIESEN Niels,78.0
ZOMERMAAND Jurgen,78.0
JUNGELS Bob,77.0
ARASHIRO Yukiya,77.0
FERRON Valentin,77.0
MUGISHA Moise,77.0
FAURA José Luis,77.0
CÔTÉ Pier-André,76.0
KUERE NOUNAWE Rodrigue Eric,76.0
PRIETO José Juan,76.0
BUCHMANN Emanuel,75.0
GRIGNARD Sébastien,75.0
COBARRUBIA Leonardo,75.0
MIHOLJEVIĆ Fran,75.0
MANENTI Marco,75.0
RENARD-HAQUIN Henri-François,75.0
BYSTRØM Sven Erik,74.0
O'BRIEN Kelland,74.0
PICKRELL Riley,74.0
VERBRUGGHE Jens,74.0
DEGENKOLB John,73.0
LEEMREIZE Gijs,73.0
PEÑUELA Francisco Joel,73.0
BOULAHOITE Rayan,73.0
MULLEN Ryan,72.0
LIVYNS Arjen,72.0
BAYER Tobias,72.0
KLUCKERS Arthur,72.0
GRANGER Ben,72.0
CONSONNI Simone,71.0
AVANCINI Henrique da Silva,71.0
BATSAIKHAN Tegsh-Bayar,71.0
ZIJLAARD Maikel,71.0
QUINN Sean,71.0
BEISEMBAY Mansur,71.0
DILLIER Silvan,70.0
SMITH Dion,70.0
KOISHI Yuma,70.0
KOPECKÝ Tomáš,70.0
HEREMANS Joppe,70.0
HAJEK Alexander,70.0
BRUTTOMESSO Alberto,70.0
RAFFERTY Adam,70.0
SCHULTZ Nick,69.0
BIZKARRA Mikel,69.0
KÄMNA Lennard,69.0
MÄRKL Niklas,69.0
VOLTR Martin,69.0
TIVANI German Nicolás,68.0
NØRTOFT Morten Aalling,68.0
LAMBRECHT Michiel,68.0
CHESINI Cesare,68.0
ROJAS Vicente,68.0
WALLS Matthew,67.0
VANHOOF Ward,67.0
WALSH Liam,67.0
MUÑOZ Francisco,67.0
SKERL Daniel,67.0
SANLAVILLE Mathias,67.0
ALMUTAIWEI Mohammad,67.0
EEMAN Kamiel,67.0
BEULLENS Cedric,66.0
HESSMANN Michel,66.0
BRENES Sebastian,66.0
NEGRENTE Mattia,66.0
HOPKINS Kaden,65.0
DE ROSSI Lucas,65.0
TU Sergio,65.0
AUGÉ Ronan,65.0
KURITS Karl,65.0
GEENS Jonas,65.0
HOWSON Damien,64.0
SÉNÉCHAL Florian,64.0
DRIZNERS Jarrad,64.0
RICHARDS Kane,64.0
NARRAWAY Nicholas,64.0
CURRIE Logan,64.0
FELDMANN Karsten Larsen,64.0
THONNON Senne,64.0
PONOMAR Andrii,63.0
LAURYSSEN Yorben,63.0
STOLIĆ Mihajlo,63.0
HUBER Jan,63.0
RAMÍREZ Mateo,63.0
PEDRERO Antonio,62.0
KACZMAREK Jakub,62.0
FLYNN Sean,62.0
ORMISTON Callum,62.0
DINHAM Matthew,62.0
DE CASSAN Davide,62.0
HUISING Menno,62.0
ERMAKOV Roman,62.0
LORELLO Riccardo,62.0
ABU HARRAH Majid,62.0
MEZGEC Luka,61.0
BAIS Davide,61.0
KONIJN Alexander,61.0
CATALDO Lorenzo,61.0
JOHNSTON Calum,61.0
NSENGIYUMVA Shemu,61.0
LOZOUET Léandre,61.0
GRADEK Kamil,60.0
TRATNIK Jan,60.0
PAASSCHENS Mathijs,60.0
OGANDO Jonathan,60.0
DE JONG Timo,60.0
CHAMPION Thomas,60.0
QUICK Blake,60.0
LEAHY Conor,60.0
BLUME LEVY William,60.0
SERRANO Javier,60.0
RAFFERTY Darren,60.0
SYELHAN Muhammad,60.0
VAN DEN BERG Julius,59.0
GONZÁLEZ Roberto Carlos,59.0
CONTRERAS Rodrigo,59.0
VANHOUCKE Harm,59.0
JARNET Maxime,59.0
LÓPEZ Juan Pedro,59.0
VANDENABEELE Henri,59.0
HENNEQUIN Paul,59.0
TAMM Lauri,59.0
RODRIGUEZ Juan Felipe,59.0
DESTA Amaniel Teweldemedhn,59.0
LAGAB Azzedine,58.0
GENIETS Kevin,58.0
MAŁECKI Kamil,58.0
SAMUDIO Carlos,58.0
OTRUBA Jakub,58.0
KIM Euro,58.0
WALSH Finn,58.0
GIMENO Nil,58.0
FRAYRE Eder,57.0
BOUWMAN Koen,57.0
GAMPER Patrick,57.0
VAN HEMELEN Vincent,57.0
BESSEGA Gabriele,57.0
ROWE Elliot,57.0
DAUMAS Rémi,57.0
PERSICO Davide,56.0
HELLEMOSE Asbjørn,56.0
AZPARREN Xabier Mikel,56.0
MEDHANIE Natan,56.0
DEWEIRDT Siebe,56.0
ROGERS Cameron,56.0
VERVENNE Jonathan,56.0
WARD Jack,56.0
ZEMKE Jermaine,56.0
MARCHAND Gianni,55.0
DURBRIDGE Luke,55.0
BANASZEK Alan,55.0
KOLZE CHANGIZI Sebastian,55.0
VAN SINTMAARTENSDIJK Roel,55.0
HERZOG Emil,55.0
LOPES Lucas,55.0
PAPON Victor,55.0
REX Tim,55.0
MAIRE Adrien,54.0
PALENI Enzo,54.0
DALBY Simon,54.0
TARAKÇI Mustafa,54.0
MARIS Elias,53.0
CROCKETT Finn,53.0
KRIJNSEN Jelte,53.0
WEISS Fabian,53.0
POLLEFLIET Gianluca,53.0
DONZÉ Robin,53.0
IACOMONI Federico,53.0
SMITH William,53.0
MARIVOET Duarte,53.0
ØXENBERG Peter,53.0
LIENHARD Fabian,52.0
WALKER Max,52.0
JACKOWIAK Jan Michal,52.0
PHOUNSAVATH Ariya,51.0
KONRAD Patrick,51.0
VAN TRICHT Stan,51.0
PROĆ Bartłomiej,51.0
PIDCOCK Joseph,51.0
SHICHKIN Vlas,51.0
NOVÁK Pavel,51.0
SIMMONS Colby,51.0
HÉBERT Théo,51.0
VANHUFFEL Matteo,51.0
MUÑOZ Hodei,51.0
DOULL Owain,50.0
GARCÍA PIERNA Carlos,50.0
HAMZA Yacine,50.0
STOJNIĆ Veljko,50.0
VANÍČEK Šimon,50.0
MARTINELLI Alessio,50.0
DE COMARMOND Aurelien,50.0
SVRČEK Martin,50.0
SUTTON Louis,50.0
SOENENS Viktor,50.0
SAGRADO Alvaro,50.0
VÉLEZ Cristian Damián,50.0
ALEMAYO Tekle,50.0
VAN LERBERGHE Bert,49.0
SANDER HANSEN Marcus,49.0
RESELL Erik Nordsæter,49.0
GIDDINGS Joshua,49.0
BOLDYREV Matvei,49.0
GOGL Michael,48.0
ZOCCARATO Samuele,48.0
LINAREZ Leangel Rubén,48.0
ROUFFAER Lars,48.0
TAILLIEU Aldo,48.0
WILKSCH Hannes,47.0
GUDNITZ Joshua,47.0
QUINTANA Hector Exequiel,47.0
DOLVEN Halvor,47.0
SAVINO Federico,47.0
VAN ZANDEN Otto,47.0
MARTINEZ Juan Guillermo,47.0
BOUCHARD Geoffrey,46.0
OTTEMA Rick,46.0
LAUK Karl Patrick,46.0
MILTIADIS Andreas,46.0
KYFFIN Zeb,46.0
THOMPSON Reuben,46.0
KÄLLBERG Axel,46.0
BOCK Max,46.0
RABOUDE Jeremy,46.0
HAMILTON Lucas,45.0
SUNEKÆR NORSGAARD Mathias,45.0
VADER Milan,45.0
HESTERS Jules,45.0
DELACROIX Théo,45.0
BENNETT Stéfan,45.0
GONZALEZ Jyven,45.0
YU Yuanfeng,45.0
AVONDTS Mathis,45.0
OSES Luis Daniel,45.0
DUNWOODY Seth,45.0
BODDEN Christopher,45.0
STOSZ Patryk,44.0
SAFARZADEH Saeid,44.0
KAMZONG Clovis,44.0
COLNAGHI Luca,44.0
CHU Tsun Wai,44.0
TENE Rotem,44.0
MATTIO Pietro,44.0
VAN GILS Lucas,44.0
SAMITIER Sergio,43.0
GEORGE Alfred,43.0
RACCANI Simone,43.0
ÁLVAREZ Rodrigo,43.0
DIKE Joshua Ethan,43.0
DHONDT Robbe,43.0
STIANSEN Jesper,43.0
DARBELLAY Valentin,43.0
REDAE Bizay Tesfu,43.0
HOULE Hugo,42.0
SERRANO Gonzalo,42.0
BAX Sjoerd,42.0
GONZÁLEZ Abner,42.0
MACKELLAR Alastair,42.0
ROSENLUND Stian,42.0
TODOME Yuhi,42.0
MOURIS Wessel,42.0
REEMEIJER Niels,42.0
LANDBO Mads,42.0
BESSEGA Tommaso,42.0
HERREÑO Martin Santiago,42.0
SIRIRONNACHAI Sarawut,41.0
SOTO Antonio Jesús,41.0
FINKŠT Tilen,41.0
PRICE-PEJTERSEN Johan,41.0
BÉNÉTEAU Lucas,41.0
GELDERS Gil,41.0
ŠTAJNAR Mihael,41.0
PRIETO José Antonio,41.0
TAKHIROV Diyor,41.0
WAITES Thomas,41.0
BARRY Ashlin,41.0
TOUZÉ Damien,40.0
JENNER Samuel,40.0
ARCHIBOLD Franklin,40.0
HODEG Álvaro José,40.0
NUNES Hugo,40.0
WALTERS Red,40.0
ARDILA Andrés Camilo,40.0
VERSCHUREN Killian,40.0
POMORSKI Michał,40.0
OKAMIKA Ander,40.0
HANSEN Alexander Arnt,40.0
MASCIARELLI Lorenzo,40.0
PEDERSEN Henrik,40.0
MASENGESHO Vainqueur,40.0
KHADBAATAR Temuulen,40.0
FOFONOV Artëm,40.0
DELLE VEDOVE Alessio,40.0
VILLA Giacomo,40.0
BORREMANS Kasper,40.0
TESFAY Amanuel,40.0
EL KOURAJI Mohcine,39.0
BARONCINI Filippo,39.0
HOUCOU Emmanuel,39.0
BOLLE Bert,39.0
O'BRIEN Liam,39.0
FERNÁNDEZ Rubén,38.0
SHNYRKO Aliaksei,38.0
GÓMEZ Germán Darío,38.0
VAN BELLE Loe,38.0
URIARTE Diego,38.0
VAN BEKKUM Darren,38.0
BOWER Lewis,38.0
BOULET Eliott,38.0
DIJKMAN Daan,38.0
PRINGLE Nate,38.0
TONELLI Alessandro,37.0
HENAO Sergio,37.0
PETERS Nans,37.0
KUKRLE Michael,37.0
REYES Yeison Sebastian,37.0
PIRA Yesid Albeiro,37.0
GAJDULEWICZ Mateusz,37.0
BUTTIGIEG Aidan,37.0
METZGER Gabriel,37.0
MONTI Alberto,37.0
RUIZ Sebastian,37.0
GUGLIELMI Simon,36.0
MORA Luis Guillermo,36.0
DINA Márton,36.0
PARISINI Nicolò,36.0
D'AIUTO Filippo,36.0
KONINGS Roan,36.0
XUE Ming,36.0
MARTINSEN Toralf Rydningen,36.0
ARRIGHETTI Nicolò,36.0
RAMÍREZ Donovan,36.0
MORALES Christopher,36.0
MAAS Jan,35.0
BASTIAENS Ayco,35.0
ASSAL Mohamed Nadjib,35.0
MARSMAN Tim,35.0
PORTER Rudy,35.0
NG Pak Hang,35.0
MORO Manlio,35.0
CONFORTI Lorenzo,35.0
AGRICOLA Danijel,35.0
ABREU Jorge,34.0
KIRSCH Alex,34.0
SAIDI Nassim,34.0
ABAY Burak,34.0
MIKAYILZADE Musa,34.0
GERMOSO Rudy,34.0
DUARTE Emanuel,34.0
KELEMEN Petr,34.0
WHITE Conor,34.0
ROJAS Gabriel Francisco,34.0
ŘEHA Filip,34.0
OOSTERLINCK Joes,34.0
JEAN Victor,34.0
BURNS Luke,34.0
CAPRA Thomas,34.0
ANTONENKO Heorhii,34.0
PHẠM Lê Xuân Lộc,34.0
ZÜGER Andrin,34.0
BAUDRY Julian,34.0
CISNEROS Jose Said,34.0
LATOUR Pierre,33.0
GROSU Eduard-Michael,33.0
HEIDEMANN Miguel,33.0
FORSSELL Hugo,33.0
WANG Gustav,33.0
MARTE Jesus Roniel,33.0
VAN HAUTEGEM Leander,33.0
ROTTMANN Jonathan Malte,33.0
MÉNDEZ Arlex José,33.0
FOUGNER Eivind Broholt,33.0
MULUGETA Yafiet,33.0
ZABELINSKIY Bogdan,33.0
BOUQUET Axel,33.0
VITTINGHUS STOKBRO Sylvester,33.0
CARSTENSEN Lucas,32.0
DE PLUS Laurens,32.0
BALLABIO Giacomo,32.0
PHONASA Thavone,32.0
ETXEBERRIA Asier,32.0
PETTITI Nicolò,32.0
CZABOK Konrad,32.0
LOPEZ Carlos Juan,32.0
KOECH Silas,32.0
GAUTHIER Jérôme,32.0
MAULANA Astnan,32.0
BLAISE Arthur,32.0
YEMANE Even,32.0
OKA Atsushi,31.0
LUCCA Riccardo,31.0
MARTÍN Alex,31.0
ED DOGHMY Achraf,31.0
BORTOLUZZI Giovanni,31.0
KAJAMINI Florian Samuel,31.0
ZAMPERINI Edoardo,31.0
RAGILO Frank Aron,31.0
GARCÍA Carlos Alfonso,31.0
GODFROID Olivier,31.0
ROYAN Muhammad Andy,31.0
HAUGLAND Kasper,31.0
GUAVITA Cesar David,31.0
KAM Chin Pok,31.0
ROBERTS Reef,31.0
AL MAYYAS Mohammad,31.0
KARIĆ Vedad,30.0
DEL PINO Jesus,30.0
VERGAERDE Otto,30.0
LUTSENKO Alexey,30.0
FRISON Frederik,30.0
KRUIJSWIJK Steven,30.0
DE BUYST Jasper,30.0
PETILLI Simone,30.0
WILLIAMS Cory,30.0
BRUNEL Alexys,30.0
BAILEY Zefal Trevor,30.0
NUHA Blerton,30.0
TAROZZI Manuele,30.0
KAGIMU Charles,30.0
CHIKWAKA Andrew,30.0
MERIS Sergio,30.0
GALIMBERTI Lorenzo,30.0
RODRÍGUEZ Brandon Ulises,30.0
CHAVARRIA Derrick,30.0
BAGATIN Christian,30.0
MARRIAGE Zac,30.0
FAURE PROST Alexy,30.0
JELE Kwanele,30.0
GARZÓN Óscar Santiago,30.0
INGEBRIGTSEN Storm,30.0
DELLAI Mohamed Aziz,30.0
MENÉNDEZ Héctor,30.0
GIRMAY Mewael,30.0
DA CRUZ Nelio,30.0
BOMFIM DE ALMEIDA Luiz Fernando,30.0
BRADÁČ Adam,30.0
SIMSON Jorryn,30.0
ALPHONSE Denver,30.0
ȘEREMET Ilie,30.0
DEPE Serdar Anıl,29.0
CRETTI Luca,29.0
ROSSI João Pedro,29.0
ARRIOLABENGOA Julen,29.0
MINTEGI Iker,29.0
ZERAY Nahom,29.0
AMARI Hamza,29.0
DODD Matthew,29.0
RIŠKA Richard,29.0
HAUG Kieran,29.0
PATTINSON Tomos,29.0
TORRES Pablo,29.0
SCHWARZBACHER Matthias,29.0
ALREJJAL Mo'men,29.0
CHAVES Esteban,28.0
CHAWCHIANGKWANG Peerapol,28.0
RÖBER Dominik,28.0
GIANNOUTSOS Miltiadis,28.0
WRIGHT Paul,28.0
MOYATA Eduardo,28.0
REES Brent,28.0
ANDERSEN Kasper,28.0
VAN DE PUTTE Victor,28.0
VERMOOTE Jelle,28.0
GOJKOVIĆ Nicolas,28.0
MILAN Matteo,28.0
BOBOSHEROV Farrukh,28.0
ARSAC Rémi,28.0
GIAIMI Luca,28.0
HAVERDINGS David,28.0
ROMEO Sergio,28.0
DYBALL Benjamin,27.0
CLARKE Simon,27.0
TAMINIAUX Lionel,27.0
GUERNALEC Victor,27.0
NENCINI Tommaso,27.0
LOCK Dennis,27.0
YILMAZ Ramazan,27.0
EL ALOUANI Driss,27.0
SCHOOFS Jasper,27.0
BAKER Rowan,27.0
RIZQI Dimas Nur Fadhil,27.0
AÏT EL ABDIA Anass,26.0
PAWLAK Tobiasz,26.0
GIDICH Yevgeniy,26.0
GUÉGAN Maël,26.0
KIMANI Wangai Evan,26.0
VANDEPUTTE Niels,26.0
D'AMATO Andrea,26.0
CALDERÓN Sebastian,26.0
ALHAMMADI Ali Eissa,26.0
KÜÜT Oskar,26.0
NEAVES Jadian,26.0
SANCHO José Pablo,26.0
LIM Nash,26.0
ASCONEGUY Roderyck,25.0
ROOSEN Timo,25.0
THOMAS Geraint,25.0
WOODS Michael,25.0
GONZALES Freddy,25.0
JOUSSEAUME Alan,25.0
HVIDEBERG Jonas Hem,25.0
MAINGUENAUD Tom,25.0
IMAMURA Shunsuke,25.0
MUHOZA Eric,25.0
PICIU Mattew-Denis,25.0
ALUSTIZA Nicolás,25.0
SODJEDE Ricardo,25.0
PUTZ Sebastian,25.0
CAMPBELL Max,25.0
KAMBERAJ Valentino,25.0
MENDES Diego De Jesus,25.0
STOYNEV Emil,25.0
RAMSAY Andrew,25.0
NAVAS Kevin,25.0
ØRN-KRISTOFF Felix,25.0
PODLUZHNYY Mikhail,25.0
HLADY Gavin,25.0
GRANADOS Alejandro,25.0
HALDIMANN Guillaume,25.0
SLESARENKO Ilya,25.0
WHITTAKER Alexander,25.0
ZOIDL Riccardo,24.0
PELIKÁN János,24.0
BATTISTELLA Samuele,24.0
CAMPBELL Akill,24.0
SZÓSTKA Paweł,24.0
DESAL Ceriel,24.0
CASTAÑO Sebastián Alexander,24.0
SCHULTZ Elliot,24.0
KUYPERS Gerben,24.0
KAŠKO Dávid,24.0
LÓPEZ DE ABETXUKO Andoni,24.0
RUIZ Robinson Steven,24.0
BUDZIŃSKI Tomasz,24.0
RAMÍREZ Joseph Gerardo,24.0
HOFBAUER Philipp,24.0
KEPPLINGER Rainer,24.0
BARRILLOT Bohémond,24.0
HUE Antoine,24.0
MESA Santiago,24.0
GUTIERREZ Carlos Alberto,24.0
CHARROIS Leo,24.0
AMBROSSI Facundo Nicolás,24.0
BERNAS Paweł,23.0
ABDUL HALIL Mohamad Izzat Hilmi,23.0
GONOV Lev,23.0
KROONEN Max,23.0
ĐURIĆ Đorđe,23.0
ESPINOSA Bolivar,23.0
BALLERSTEDT Maurice,23.0
ROJAS Brandon Alejandro,23.0
PROCTOR-PARKER Dylan,23.0
BENITO Adrián,23.0
FERREIRA DE MELO Alex,23.0
VAN BYLEN Liam,23.0
BUCK JONES Huw,23.0
NOVÁK Samuel,23.0
DELGADO David,23.0
BROOKES Joseph,23.0
DE CLERCQ Mathijs,23.0
MÉNDEZ Diego Alejandro,23.0
DOMÍNGUEZ José Alberto,23.0
MARSH Robert,22.0
DELAPLACE Anthony,22.0
FORTIN Filippo,22.0
NIZZOLO Giacomo,22.0
YEO Boon Kiak,22.0
ERIKSSON Lucas,22.0
FREYER Martin,22.0
DOUBEY Fabien,22.0
ILIĆ Ognjen,22.0
EL ARBAOUI Adil,22.0
LÓPEZ Robinson Fabián,22.0
NGUYỄN Tuấn Vũ,22.0
PAJUR Markus,22.0
KLOPPENBORG Lukas Sulaj,22.0
DAHL Gustav Frederik,22.0
REMKHI Rudolf,22.0
BORRESCH Julian,22.0
AGOSTINACCHIO Filippo,22.0
HAUGSTED Conrad,22.0
DUBA Maxime,22.0
NASTEVSKI Slobodan,22.0
MILOSTIC Lindon,22.0
DIALLO Tiémoko,22.0
TREPTE Liam,22.0
NISU Oskar,21.0
KUROEDA Shiki,21.0
FUENTES Ángel,21.0
CARVALHO Gonçalo,21.0
VARELA Leandro,21.0
DA SILVA SANTOS Vinicius,21.0
ARAMAYO Jose Manuel,21.0
MAŚLAK Piotr,21.0
FRYDKJÆR Patrick Boje,21.0
GONZELI Otavio Augusto,21.0
DORUSSEN Johan,21.0
GAL Ryan,21.0
VEDEL Gabin,21.0
FLÓREZ Samuel,21.0
TAKÁCS Zsombor Tamás,21.0
BOGDANOVIČS Māris,20.0
BOROŠ Michael,20.0
THALMANN Roland,20.0
RIESEBEEK Oscar,20.0
LAENGEN Vegard Stake,20.0
ARCAS Jorge,20.0
OURSELIN Paul,20.0
GREGAARD Jonas,20.0
KNOX James,20.0
STOKBRO Andreas,20.0
ERIKSSON Jacob,20.0
URIANSTAD BUGGE Martin,20.0
OCAMPO Victor,20.0
DORENBOS Yanne,20.0
COSTA Fábio,20.0
RODRÍGUEZ Diego Leonel,20.0
DOMÍNGUEZ David,20.0
SOMMER Jan,20.0
KNIGHT Oliver,20.0
PIRAS Andrea,20.0
TENDON Arnaud,20.0
BOCHAROV Dmitriy,20.0
VERCOUILLIE Victor,20.0
STENNING Oliver,20.0
BEREZNYAK Aleksandr,20.0
GEERAERTS Ferre,20.0
EGHOLM Kristian,20.0
HEFFERNAN William,20.0
LANGE Tyler,20.0
GRYGOWSKI Hubert,20.0
DE BRUYCKERE Kay,20.0
PEACE Oliver,20.0
CATTANI Alessandro,20.0
LEIDERT Louis,20.0
NESPOLI Lorenzo,20.0
SOLEN Keije,20.0
LAYRAC Gabriel,20.0
ROY Léo,20.0
WU Chun Yin,20.0
TORRES Jaime,20.0
QU Chengjun,20.0
SCHEMPP Oscar,20.0
SHERRY Gavin,20.0
BATMUNKH Maral-Erdene,19.0
ÖRKEN Ahmet,19.0
SOUPE Geoffrey,19.0
KHALMURATOV Muradjan,19.0
MANZIN Lorrenzo,19.0
STEWART Mark,19.0
KUZMIN Anton,19.0
STITES Tyler,19.0
NOLDE Tobias,19.0
CHAIYASOMBAT Thanakhan,19.0
SILVA Afonso,19.0
UGA Ryuki,19.0
JOALLAND Yaël,19.0
PLACE Maxence,19.0
DUNHAM Ethan,19.0
QUIROZ Tomas,19.0
AGUILAR Luis,19.0
GREENWOOD Matthew,19.0
GONÇALVES Diogo,19.0
MILAKONG Ananxay,19.0
LEMES Bruno Martins,19.0
PEREZ Anthony,18.0
PAREDES Anderson Timoteo,18.0
FERNÁNDEZ Miguel Ángel,18.0
MEREDITH Charlie,18.0
PIETROBON Andrea,18.0
ROSLI Muhammad Nur Aiman Bin,18.0
PEÑA Wilson Estiben,18.0
HEMING Miká,18.0
KOSSOKO Sadikou Jérémie,18.0
CASTILLO Kevin David,18.0
KOTSAKIS Francisco,18.0
BAHODIROV Behzod,18.0
BAMBAGIONI Tommaso,18.0
MERLÖV Ville,18.0
HAYASHIBARA Shoma,18.0
TUMINELLO Christian,18.0
DE KEERSMAEKER Mathias,18.0
BAEZA Cristobal,18.0
HUPPERTZ Joshua,17.0
VAN SCHIP Jan-Willem,17.0
QUAEDVLIEG Lars,17.0
KLARIS Magnus Bak,17.0
JURADO Christofer Robín,17.0
BANASZEK Norbert,17.0
LEWIS Adam,17.0
SIBANDA Mthokozisi,17.0
BUSTAMANTE Adrián,17.0
ALIYARI Aidin,17.0
GIL Angel Alexander,17.0
RASENBERG Martijn,17.0
SOWOU Rémi,17.0
GINESTRA Lorenzo,17.0
EPIS Giosuè,17.0
GARCÍA José María,17.0
OBANDO Bryan Raul,17.0
ANTROBUS Lucky,17.0
MACKIE Ewan,17.0
RETEGI Mikel,17.0
VILORIA Enmanuel David,17.0
TUYIZERE Etienne,17.0
LAZAREVIĆ Miloš,17.0
BARBAS Rafael,17.0
MEMEDI Memet,17.0
MARIS Jesse,17.0
FLEMMING Abbiel,17.0
JANIKULOV Samandar,17.0
METAWEA Mahmoud,17.0
CHOFOR Fabrice,17.0
TARLING Finlay,17.0
SAMBINELLO Enea,17.0
KASTRATI Albion,17.0
SMITH Calvin,17.0
ATTAI Corneil Kokou,17.0
LUKIĆ Leon,17.0
JONES Barry,17.0
LI You,17.0
MASUDA Nariyuki,16.0
REGUIGUI Youcef,16.0
ABERASTURI Jon,16.0
PASQUALON Andrea,16.0
BASSON Gustav,16.0
GALVÁN Francisco,16.0
TAILLANDIER Axel,16.0
RETAILLEAU Valentin,16.0
MALMBERG Matias,16.0
BELLENS Jarno,16.0
KMIELIAUSKAS Rokas,16.0
BETTENDORFF Loïc,16.0
BDADOU Youssef,16.0
ELSAIFY Hassan,16.0
GARCIA Erlin Antonio,16.0
TERADA Yoshiki,16.0
MAGLI Lorenzo,16.0
VĂIDIAN Iustin-Ioan,16.0
MA Binyan,16.0
BULUT Samet,16.0
MACHHOLDT Magnus,16.0
AEBERSOLD Nils,16.0
DRAKOS Nikolaos Michail,16.0
ADOMAITIS Rokas,16.0
LI Yuheng,16.0
CRAUSE Pedri,16.0
ZIPPAN Nicolas,16.0
LANGELLA Lenaic,16.0
MESSEL Kevin Andre Sandli,16.0
MENGHINI Alessio,16.0
BRÉANT Romain,16.0
RODRIGUES Rúben,16.0
VAN DER WERFF Thom,16.0
SERVRANCKX Gauthier,16.0
LIGHTFOOT Mark,16.0
BLAS Blayde,16.0
VAN DEN EIJNDEN Guus,16.0
FAYOLLE Jean-Loup,16.0
GOSZCZURNY Patryk,16.0
HAFIZH Muhammad,16.0
GORDILLO Emerson Ronaldo,16.0
CHRISTOPHER Darel,15.0
PETROVSKI Stefan,15.0
CHOE Hyeong Min,15.0
BRIDGES Jyme,15.0
COMBAUD Romain,15.0
RUIZ Juan José,15.0
ANGULO Antonio,15.0
VAN HOECKE Gijs,15.0
CIMOLAI Davide,15.0
ŞAMLI Feritcan,15.0
GUERREIRO Ruben,15.0
GIBBONS Ryan,15.0
CARBONI Giovanni,15.0
WARLOP Jordi,15.0
MOLLY Kenny,15.0
JOHN Naveen,15.0
RIES Michel,15.0
PEÁK Barnabás,15.0
MUÑOZ Cristian Camilo,15.0
VANDEBOSCH Toon,15.0
DIALLO Yaya,15.0
LÓPEZ Luis Fernando Enrique,15.0
APPEL Stijn,15.0
MCBIRNEY Tim,15.0
MOHD ZARIFF Muhammad Nur Aiman,15.0
CANASTUJ José David,15.0
SOULAMA Daouda,15.0
TESTORI Michael,15.0
QUITA Ronnilan,15.0
NKUNDABERA Eric,15.0
NAUMOVSKI Bojan,15.0
ABREHA Negasi Haylu,15.0
MIAO Chengshuo,15.0
ROOTKIN-GRAY Jack,15.0
STOCKWELL Oliver,15.0
DEBAY Filimon Zerabruk,15.0
DEMAN Brem,15.0
ROTA Raúl,15.0
MARCEROU Nicola,15.0
WAFLER Tim,15.0
LIM Zhen Yu Darren,15.0
JÓNSSON Davíð,15.0
MACIEJUK Kacper,15.0
SVARRE Tobias,15.0
RADUNOVIĆ Aleksandar,15.0
MOORE Viggo,15.0
LOVIDIUS Gustav,15.0
PALASHEV Borislav,15.0
BOZZOLA Mirko,15.0
BARON Kohath,15.0
KIECK Blaine,15.0
FABRIES Ugo,15.0
FELDHOFFER Bálint,15.0
MORGAN Edward,15.0
GIALLI Matteo,15.0
CELESTIN Torea,15.0
ELSAID Omar,15.0
SINGH Vishavjeet,15.0
BEHRENS Eike,15.0
AHTOSALO Matias,15.0
BEHRENS Niklas,15.0
TOMIĆ Ivan Luka,15.0
HUTCHINSON Liam,15.0
CALDERÓN Jerónimo,15.0
SURÉN Roger,15.0
VANDEN EYNDE Mats,15.0
BABOVICH Mikita,15.0
SHAPILOV Artem,15.0
MCFARLANE Melvin,15.0
LUKOVIĆ Danilo,15.0
DE OLIVEIRA Cainã Guimarães,15.0
KAMAU Peter,15.0
GÁLVIZ Carlos Johan,14.0
GOMEZ Luis António,14.0
REYES Elvys Noel,14.0
